store_name,location,event_type,event_date,status,short_description,article_link,published_date,Date_Appended
Bake n’ Soda,"901 S Main St, Springfield, TN 37172",Opening,October 2026,targeting an October 2026 opening,"After two years operating from a food truck, Bake n’ Soda is preparing a permanent brick‑and‑mortar at 901 S. Main St. in downtown Springfield. Owner Kodie Cash is overseeing the build‑out and aims to open in October 2026, offering its signature dirty sodas, floats, desserts and an expanded menu.",https://whatnow.com/nashville/restaurants/bake-n-soda-bringing-sodas-and-treats-to-springfield-storefront/,"August 29, 2026",2026-08-29
Taco Bell,"3828 Hamner Ave, Eastvale, CA 91752",Opening,Not specified,being planned,"Diversified Restaurant Group plans to convert an existing restaurant property at 3828 Hamner Ave. in Eastvale into a new Taco Bell. The tenant‑improvement project includes a drive‑thru lane, but construction start dates are still to be determined.",https://whatnow.com/orange-county/restaurants/taco-bell-franchisee-converting-empty-drive-thru/,"August 28, 2026",2026-08-29
Torchy’s Tacos,"3500 East Parmer Lane, Suite 10150, Austin, TX 78754, USA",Opening,spring 2027,opening targeted for spring 2027,"Torchy’s Tacos announced a new location in Austin’s East Village at 3500 East Parmer Lane, Suite 10150. Public filings show the restaurant is slated to open in spring 2027, adding to the chain’s Texas expansion.",https://whatnow.com/austin/restaurants/torchys-tacos-to-open-new-location-at-austins-east-village/,"August 28, 2026",2026-08-29
Dave’s Hot Chicken,"2801 Central Expy, Melissa, TX 75454, USA",Opening,June 2027,construction is slated to wrap by June 2027,"Dave’s Hot Chicken is targeting a standalone site at 2801 E Central Expressway in Melissa for a Killeen‑area restaurant. Permitting records indicate construction should be completed by June 2027, though the franchisee has not confirmed an opening date.",https://whatnow.com/austin/restaurants/daves-hot-chicken-sets-sights-on-killeen/,"August 28, 2026",2026-08-29
Richie’s Real American Diner,"29787 Antelope Rd, Suite 110, Menifee, CA 92584",Opening,Not specified,moving forward with plans,"Richie’s Real American Diner is moving forward with a new Menifee eatery at 29787 Antelope Road, Suite 110. Construction documents list an 8,820‑sq‑ft dine‑in restaurant, but no opening date has been announced.",https://whatnow.com/orange-county/restaurants/locally-owned-diner-chain-expanding-to-menifee/,"August 28, 2026",2026-08-29
The Kent Memphis,61 Keel Avenue,Opening,February 2022,opened in February 2022,"The Kent Memphis transformed a historic 1883 building in Memphis’ Snuff District into a 27,000‑square‑foot event venue. It opened in February 2022 and hosts weddings, galas, and other large gatherings.",https://whatnow.com/memphis/restaurants/building-neighborhood-destination-brands-with-the-kent-memphis-and-over-keel-at-the-kent/,"August 28, 2026",2026-08-29
Lira Italian Kitchen,"4056 E. Main St., Hilliard, OH 43026",Opening,2028,opening targeted for 2028,Lira Italian Kitchen will relocate to the former Chase Bank building at 4056 E. Main St. in Hilliard. The project is part of a mixed‑use development and is slated to open in 2028.,https://whatnow.com/columbus/restaurants/lira-italian-kitchen-set-to-fill-a-former-chase-bank-building-in-downtown-hilliard/,"August 28, 2026",2026-08-29
Mountain Mike's Pizza (Prosper location),"220 W Frontier Pkwy #100, Prosper, TX 75078, USA",Opening,Not specified,plans to open,"Mountain Mike’s Pizza filed public plans to open a new restaurant at 220 W. Frontier Parkway, Suite 100 in Prosper, Texas. The chain is expanding rapidly across Collin County.",https://whatnow.com/dallas/restaurants/mountain-mikes-pizza-plans-new-prosper-location/,"August 28, 2026",2026-08-29
Lowe’s Donuts (Newburyport location),"Newburyport, Massachusetts",Opening,early fall 2026,opening a second location in early fall 2026,"Lowe’s Donuts announced a second bakery near The Cormorant restaurant in Newburyport, scheduled for early fall 2026. The new shop will offer seating, unlike the original grab‑and‑go Haverhill location.",https://whatnow.com/boston/restaurants/lowes-donuts-expanding-to-newburyport-with-second-allergy-friendly-bakery/,"August 28, 2026",2026-08-29
Honeycomb (Marblehead location),"259 Washington St, Marblehead, MA 01945",Opening,February 2027,planning to open,"Honeycomb bakery and café plans to open a second North Shore location at the former Barrelman space on Washington Street in Marblehead. The owners aim for a February 2027 opening, pending design and permits.",https://whatnow.com/boston/restaurants/honeycomb-to-open-second-north-shore-location-in-marblehead/,"August 28, 2026",2026-08-29
Que Onda Tacos + Tequila,"1515 Mockingbird Ln, Charlotte, NC 28209",Opening,Not specified,preparing,"Que Onda Tacos is planning its sixth and flagship restaurant in Charlotte’s Montford area at 1515 Mockingbird Lane. The 64‑seat indoor space will include a 44‑seat bar and a 70‑seat outdoor patio, with an anticipated debut early next year.",https://whatnow.com/charlotte/restaurants/que-onda-tacos-preparing-flagship-location-in-montford-area/,"August 28, 2026",2026-08-29
Pure Green,"37140 Fremont Blvd, Fremont, CA 94536",Opening,Not specified,preparing to open,"Pure Green is set to open its first Bay Area juice‑bar in Fremont’s Centerville district at 37140 Fremont Blvd. The 1,051‑sq‑ft shop will create 10‑12 jobs and will feature cold‑pressed juices, smoothies, bowls and sourdough toast.",https://whatnow.com/san-francisco/restaurants/pure-green-to-open-first-bay-area-location-in-fremont/,"August 28, 2026",2026-08-29
Whataburger,"2733 TX-36 BUS, Gatesville, TX 76528, USA",Opening,"January 4, 2027",plans to open,Public filings show Whataburger intends to open a new restaurant at 2733 TX‑36 Business in Gatesville. Permitting records list a start date of June 8 2026 and a completion date of January 4 2027. The chain has not responded to inquiries about the timeline.,https://whatnow.com/austin/restaurants/whataburger-eyes-new-gatesville-location/,"August 28, 2026",2026-08-29
Casa Mia,"677 Laurel St, San Carlos, CA 94070",Opening,Not specified,slated for,"Casa Mia filed a California Department of Alcoholic Beverage Control license for a new location at 677 Laurel St., Suite B, in San Carlos. The restaurant will bring its breakfast‑focused casual dining concept to the Peninsula, though no opening date has been announced.",https://whatnow.com/san-francisco/restaurants/casa-mia-to-open-in-san-carlos/,"August 28, 2026",2026-08-29
Tamra & Co.,Address not specified,Opening,November,target is November,"Tamra & Co. is preparing a Saudi‑inspired café and gift shop in Seattle’s Pike Place Market, slated for a fall opening. Founder Razan Kattoa says the current target is November, though permitting could shift the timeline. The 650‑sq‑ft space will sell date‑based sweets, pastries, coffee and packaged gifts.",https://whatnow.com/seattle/restaurants/tamra-co-bringing-saudi-hospitality-to-pike-place-market/,"August 28, 2026",2026-08-29
Urbane Cafe,"32545 Golden Lantern, Suite C, Dana Point, CA 92629",Opening,Not specified,preparing to open,"Urbane Cafe is set to open a new location in Dana Point at 32545 Golden Lantern, Suite C. The plan review was filed with the Orange County Health Care Agency, but no opening date has been announced. The restaurant will serve made‑to‑order sandwiches and salads.",https://whatnow.com/orange-county/restaurants/urbane-cafe-to-open-in-dana-point/,"August 28, 2026",2026-08-29
Cuban Cafe Pompano,"1621 S Dixie Hwy Unit 117, Pompano Beach, FL 33060",Opening,Not specified,new proposed restaurant,"Cuban Cafe Pompano is a proposed new restaurant at 1621 S Dixie Highway, Unit 117, occupying the former Surreala Coffee space. An application has been received, but no opening date is provided. The concept will likely offer coffees, teas, and sandwiches.",https://whatnow.com/miami/restaurants/cuban-cafe-coming-to-base-of-apartment-building-in-pompano-beach/,"August 28, 2026",2026-08-29
8D Rodeo Bar & Thrill,"2760 N Germantown Pkwy, Memphis, TN 38133",Opening,Not specified,currently moving through the permitting and build-out processes,"8D Rodeo Bar & Thrill is planning a new venue at the Wolfchase Galleria, located at 2760 N Germantown Parkway in Memphis. The owners are in permitting and build‑out stages, and an opening date has not been set. The venue will combine dining with a mechanical bull and an 8D motion cinema.",https://whatnow.com/memphis/restaurants/8d-rodeo-bar-thrill-bringing-unique-entertainment-and-dining-experience-to-wolfchase-galleria/,"August 28, 2026",2026-08-29
Cafe Zupas,"1161 Polaris Pkwy, Columbus, OH 43240, USA",Remodel,Not specified,renovating a space,"Cafe Zupas is renovating the former Applebee’s building at 1161 Polaris Parkway in Columbus to create its fourth Central Ohio restaurant, adding a drive‑thru. The project is a remodel, and no specific opening date is given. The space previously housed Applebee’s, which closed this summer.",https://whatnow.com/columbus/restaurants/cafe-zupas-preps-a-fourth-central-ohio-restaurant-in-polaris/,"August 28, 2026",2026-08-29
Tenka Sushi – Modern Asian,"12465 Northlake Blvd #100, Palm Beach Gardens, FL 33412",Opening,October or November,preparing to open,"Tenka Sushi – Modern Asian is preparing to open at 12465 Northlake Blvd, Suite 100 in Palm Beach Gardens. The owners target an October or November opening, and the 4,000‑sq‑ft space will feature an open kitchen, sushi bar, full bar, and patio. The filing shows the restaurant moving through the state approval process.",https://whatnow.com/miami/restaurants/tenka-sushi-eyes-fall-opening-in-palm-beach-gardens/,"August 28, 2026",2026-08-29
Maman,"4885 MacArthur Blvd NW, Washington, DC 20007",Opening,Not specified,Work is underway,"Maman, a popular bakery, is moving into the former Black Coffee storefront at 4885 MacArthur Blvd NW in Washington, DC. Work is underway and the company is recruiting staff for the new location.",https://whatnow.com/washington-dc/restaurants/cafe-to-bring-life-back-to-palisades-storefront/,"August 28, 2026",2026-08-29
Lady Funari,"222 E Bland St, Charlotte, NC 28203, USA",Opening,October,aiming to secure its conditional occupancy permit within two weeks,"Lady Funari, a new pasta bar and café, is being built at the former Futo Buta space at 222 E Bland St in Charlotte’s South End. The owners hope to obtain a conditional occupancy permit soon and target an October opening.",https://whatnow.com/charlotte/restaurants/lady-funari-targets-october-opening-after-1-5-million-south-end-transformation/,"August 28, 2026",2026-08-29
Tejer,"233 W Santa Clara St, San Jose, CA 95113",Opening,this winter,expected to open,"Tejer, a Mexican restaurant by Cal‑India Collective, plans to open in the historic Hotel De Anza at 233 W Santa Clara St, San Jose, with a 95‑seat dining room slated for this winter.",https://whatnow.com/san-francisco/restaurants/tejer-to-open-at-hotel-de-anza-in-san-jose/,"August 28, 2026",2026-08-29
Blue Corn Cafe & Bakery (Avondale location),Address not specified,Opening,fall 2026,expected to open in fall 2026,"Blue Corn Cafe & Bakery intends to add an Avondale location in Orange County, with the new site expected to open in fall 2026, though no street address or exact date has been released.",https://whatnow.com/orange-county/restaurants/blue-corn-cafe-bakery-plans-orange-county-expansion/,"August 28, 2026",2026-08-29
embe Cafe,"1600 Alton Rd, Miami Beach, FL 33139",Opening,Not specified,coming soon,"embe Cafe, a new premium coffee and food concept, will open at 1600 Alton Rd in Miami Beach, with the website listing the South Beach spot as “coming soon” and no opening date announced.",https://whatnow.com/miami/restaurants/embe-cafe-coming-to-south-beach/,"August 28, 2026",2026-08-29
The Bungalow,Address not specified,Opening,Not specified,preparing to open,"The Bungalow, a Southern California bar and lounge concept, is preparing to open a new location in San Diego within IQHQ’s RaDD waterfront development. No exact address, size, or opening date has been announced. The proposal follows a previously cancelled Westfield UTC project.",https://whatnow.com/san-diego/restaurants/the-bungalow-revives-plans-for-san-diego-location/,"August 28, 2026",2026-08-29
Tori Japan,961 Commonwealth Avenue near Boston University,Opening,late September 2026,expected to open in late September 2026,"Tori Japan plans to open a restaurant at the former Boston Halal space at 961 Commonwealth Avenue near Boston University. The approximately 3,000‑square‑foot venue is expected to open in late September 2026. This will be the first of four new Greater Boston locations.",https://whatnow.com/boston/restaurants/tori-japan-plans-four-new-greater-boston-locations-from-boston-university-to-taunton/,"August 28,",2026-08-29
Mano,"11 Boulevard René-Lévesque O, Québec, QC G1R 2V5, Canada",Opening,September,expected to open,"Chef Étienne Nadeau is opening a new restaurant called Mano at 11 Boulevard René‑Lévesque O in Québec. The venue is slated to open in September, with a menu focused on fresh pasta. Details on design and menu remain limited.",https://whatnow.com/montreal/restaurants/chef-etienne-nadeau-opening-new-restaurant-in-quebec/,"August 28, 2026",2026-08-29
Pressed Café,"126 Brookline Ave, Boston, MA 02215",Opening,Not specified,coming soon,Pressed Café is expanding to Boston’s Fenway neighborhood with a new location at 126 Brookline Avenue. The chain describes the site as “coming soon” and anticipates opening in the winter of 2026 after earlier plans for a late‑fall debut. The expansion adds to its 12 existing Massachusetts locations.,https://whatnow.com/boston/restaurants/pressed-cafe-expanding-to-bostons-fenway-neighborhood/,"August 28, 2026",2026-08-29
Tulum Grill (Tulum Mexican and American Cuisine),"1580 NW 2nd Ave, Suite 10, Boca Raton, FL 33432",Opening,Not specified,planned,"A new Tulum Grill concept, branded Tulum Mexican and American Cuisine, is planned for 1580 NW 2nd Avenue, Suite 10 in Boca Raton. The project is listed in a recent site‑plan application, but no opening date has been announced. The concept will offer Mexican‑American dishes and is part of Food Madness’s expansion.",https://whatnow.com/miami/restaurants/new-tulum-grill-concept-with-mexican-flavors-planned-for-boca-raton/,"August 28, 2026",2026-08-29
Layne’s Chicken Fingers,Address not specified,Opening,Not specified,planning,"Layne’s Chicken Fingers, a Texas‑based fried chicken chain, is planning its first California locations across Sacramento, Placer, Fresno and Monterey counties. Franchisee Tariq Munir has signed an agreement for 12 sites, with the first expected in early or mid‑2027. No specific address or opening date has been disclosed.",https://whatnow.com/sacramento/restaurants/a-texas-chicken-chain-is-eyeing-its-california-debut-in-sacramento-and-placer-counties/,"August 28, 2026",2026-08-29
Session,,,,,,,,2026-08-29
Mark Rich’s New York Pizza & Pasta,"1930 Rock Springs Dr, Las Vegas, NV 89128",Opening,Not specified,slated to reopen,"Mark Rich’s New York Pizza & Pasta is set to return to the Las Vegas Valley, planning to reopen in Pioneer Park within the Rock Springs Plaza at 1930 Rock Springs Dr. The permit indicates an expected opening sometime this year or early next year, but no exact date is given.",https://whatnow.com/las-vegas/restaurants/mark-richs-new-york-pizza-to-return-to-the-las-vegas-valley/,"August 28, 2026",2026-08-29
Sunset Steak & Cheese,"180 St Paul St, St. Catharines, ON L2R 3M2, Canada",Opening,November,is planning to open,"Sunset Steak & Cheese is a new restaurant planned by Zach Smith, owner of Fat Rabbit, to open at 180 St. Paul St in St. Catharines. The venue is slated to open in November and will feature Philadelphia‑style sandwiches, hot dogs, and chili‑cheese fries.",https://whatnow.com/toronto/restaurants/fat-rabbit-owner-planning-new-restaurant-in-st-catharines/,"August 28, 2026",2026-08-29
NBA Courtside,"15 Queens Quay E, Toronto, ON M5E 0C5, Canada",Closing,end of the month,is closing at the end of the month,"NBA Courtside, the sports bar at 15 Queens Quay East, is closing at the end of the month as Urban Dining Group prepares to renovate the space for new concepts.",https://whatnow.com/toronto/restaurants/urban-dining-group-adding-multiple-concepts-at-nba-courtside-location/,"August 28, 2026",2026-08-29
Daisy’s Cookies,"15 Queens Quay E, Toronto, ON M5E 0C5, Canada",Opening,September,expected to open in September,"Daisy’s Cookies will open as a boutique cookie shop in the former NBA Courtside space at 15 Queens Quay East, with an expected opening in September.",https://whatnow.com/toronto/restaurants/urban-dining-group-adding-multiple-concepts-at,,2026-08-29
Nicoletto’s Pasta Co.,"11324 Lebanon Rd, Mt. Juliet, TN 37122",Opening,Not specified,under construction,"Nicoletto’s Pasta Co. is expanding to Mt. Juliet with a third restaurant at 11324 Lebanon Rd. The 3,000‑sq‑ft location is under construction and aims for a fall 2026 opening, but no specific date has been announced.",https://whatnow.com/nashville/restaurants/nicolettos-pasta-co-opening-third-location-in-mt-juliet/,"August 28, 2026",2026-08-29
Casa Rubia,"293 Palmerston Ave, Toronto, ON M6J 2J3, Canada",Opening,September 2026,slated to open in late September,"Casa Rubia will take over Martine’s Wine Bar at 293 Palmerston Ave in Toronto. The Spanish restaurant, created by the team behind Bar Raval, is slated to open in late September 2026 with 50 indoor seats, a mezzanine, and a patio.",https://whatnow.com/toronto/restaurants/local-restaurateurs-opening-casa-rubia-in-toronto/,"August 28, 2026",2026-08-29
Asian Hibachi Grill,"3575 Maybank Hwy, Johns Island, SC 29455",Opening,September 2026,looking to launch in mid-to-late September,"Asian Hibachi Grill plans to open on Johns Island at 3575 Maybank Hwy. The Japanese take‑out concept is expected to launch in mid‑to‑late September 2026, featuring hibachi, sushi and some Chinese dishes.",https://whatnow.com/charleston/restaurants/asian-hibachi-grill-opening-on-john-island/,"August 28, 2026",2026-08-29
Einstein Bros Bagels,"6609 Garth Rd, Baytown, TX 77521 (Suite 200)",Opening,Not specified,should open by this winter,"Einstein Bros Bagels is set to open a new spot in the San Jacinto Marketplace, Baytown, at 6609 Garth Rd, Suite 200. Construction is underway and the store should open by this winter 2026, according to a state permit.",https://whatnow.com/houston/restaurants/einstein-bros-bagels-to-open-a-spot-in-san-jacinto-marketplace/,"August 28, 2026",2026-08-29
Punjabi Haveli,"1780 Markham Rd, Scarborough, ON M1B 2W2, Canada",Opening,Not specified,final stages of construction,"Punjabi Haveli is opening a fourth location at 1780 Markham Rd in Scarborough. The restaurant is in the final stages of construction, with no opening date disclosed.",https://whatnow.com/toronto/restaurants/punjabi-haveli-opening-new-location-in-scarborough/,"August 28, 2026",2026-08-29
The Union Sky,"26 Union St S, Concord, NC 28025",Opening,Not specified,planning a fall opening,"The Union Sky is a new rooftop restaurant and cocktail lounge that will occupy the seventh‑floor of Novi Lofts in downtown Concord. The concept will cover 3,085 sq ft indoors and a rooftop patio of over 1,000 sq ft. A specific opening date has not yet been announced.",https://whatnow.com/charlotte/restaurants/the-union-sky-rooftop-restaurant-to-open-in-downtown-concord/,"August 28, 2026",2026-08-29
King Corona 1902,"1902 E 7th Ave, Tampa, FL 33605",Opening,November 1,tentatively planning on a November 1 launch,"King Corona 1902 will be a new cigar bar and members‑only lounge in Ybor City, featuring a two‑story space with a public downstairs bar, coffee bar, lockers, and a members‑only lounge upstairs. The proprietors say the launch is tentatively set for November 1 and membership applications are being accepted.",https://whatnow.com/tampa/restaurants/king-corona-1902-opening-this-november-with-cigars-members-only-lounge/,"August 28, 2026",2026-08-29
Caragiulo’s Italian American,"1833 Ringling Blvd, Sarasota, FL 34236",Opening,Not specified,about 30 days from a reopening,"After temporarily closing its historic Palm Avenue location, Caragiulo’s Italian American is preparing to reopen in a new home at the Mira Mar building on Ringling Blvd. A representative confirmed the restaurant is roughly 30 days from reopening, with hiring already underway.",https://whatnow.com/tampa/restaurants/caragiulos-italian-american-restaurant-plans-reopening-in-new-home/,"August 28, 2026",2026-08-29
Renso Pho-Potle,"506 Queen St W, Toronto, ON M5V 2B3, Canada",Opening,Sept. 19,soft open on Sept. 19,"Renso Pho-Potle will bring a customizable pho fast‑casual concept to Toronto, opening its first location at 506 Queen St. West. The restaurant is slated to soft‑open on Sept. 19, with a grand opening planned for Oct. 3.",https://whatnow.com/toronto/restaurants/renso-pho-potle-bringing-new-pho-experience-to-toronto/,"August 28, 2026",2026-08-29
Predator Group restaurant (unnamed),"7026 A C Skinner Pkwy, Jacksonville, FL 32256",Opening,Not specified,still under consideration at the city level,"The Predator Group, a billiards supply company, is working to open its first full‑service restaurant and entertainment venue at 7026 AC Skinner Parkway. The project is still under city‑level review and no opening date has been announced.",https://whatnow.com/jacksonville/restaurants/billiards-company-working-on-full-service-bar-and-restaurant-off-i-95/,"August 28, 2026",2026-08-29
Jamaica House Restaurant,"5971 SW 23rd St, West Park, FL 33023",Opening,Not specified,official opening date not yet announced,"Jamaica House Restaurant is planning a new location at 5971 SW 23rd Street in West Park, FL. The menu will feature Jamaican cuisine and catering services. An official opening date has not yet been announced.",https://whatnow.com/miami/restaurants/jamaica-house-restaurant-bringing-jamaican-flavors-to-west-park/,"August 28, 2026",2026-08-29
Texas Roadhouse,"2001 Laurel Rd E, Nokomis, FL 34275",Opening,spring 2027,awaiting more details on the planned rollout of the new Texas Roadhouse location,"Texas Roadhouse will be part of the Venice Crossing mixed‑use development in Nokomis, FL. The first stores at the site are expected to open by spring 2027, and the restaurant will be the first Texas Roadhouse in Sarasota County. No specific opening date has been released.",https://whatnow.com/tampa/restaurants/opening-in-venice-crossing-texas-roadhouse/,"August 28, 2026",2026-08-29
Caribou Coffee,"6375 Hickory Flat Hwy, Canton, GA 30115",Opening,fall 2026,expected to open in fall 2026,"Caribou Coffee plans a new location at 6375 Hickory Flat Highway in Canton, GA, as part of the Hickory Flat Marketplace. The shopping center is expected to open in fall 2026, and the coffee shop will open at that time.",https://whatnow.com/atlanta/restaurants/caribou-coffee-to-bring-location-to-canton/,"August 28, 2026",2026-08-29
Twin Peaks,Address not specified,Opening,Not specified,still in the development stage,"Twin Peaks announced plans to develop restaurants in Brownsville, South Padre Island, and Laredo, Texas, under a new agreement with InnJoy Hospitality. Specific locations and opening dates have not been announced.",https://whatnow.com/san-antonio/restaurants/twin-peaks-coming-to-three-south-texas-cities/,"August 28, 2026",2026-08-29
Miya Moon (fourth location),"6365 E Hampden Ave., Suite 101, Denver, CO 80222",Opening,September,targeted to open in September,"Sherry Crossland is adding a fourth Miya Moon restaurant at 6365 E. Hampden Ave., Suite 101 in Denver, slated to open in September. The concept focuses on dim sum and Asian‑inspired small plates.",https://whatnow.com/denver/restaurants/sherry-crossland-planning-six-new-restaurants-across-denver-metro/,"August 28, 2026",2026-08-29
The Nest (Soleta Golf Club),"33720 Singletary Rd, Myakka City, FL 34251",Opening,Not specified,Opening This Fall,"Soleta Golf Club is planning its food and beverage program. The Nest, the club’s first permanent building, is slated to open this fall as a bar and grill. The club currently operates an interim dining facility while permanent amenities are built.",https://whatnow.com/tampa/restaurants/soleta-golf-club-looks-to-be-planning-continued-food-and-beverage-rollout/,"August 28, 2026",2026-08-29
La Tia y El Paisano,"5803 15th St E, Suite 10-15, Bradenton, FL 34203",Opening,Not specified,opening,"La Tia y El Paisano is set to open at 5803 15th St E, Suite 10-15 in Bradenton. The new restaurant may combine concepts from the former El Paisano and La Tia Restaurante Guatemala. No further details have been released.",https://whatnow.com/tampa/restaurants/la-tia-y-el-paisano-plans-opening-in-bradenton/,"August 28, 2026",2026-08-29
Mister O1 Extraordinary Pizza (Coconut Creek),"4437 Lyons Rd, Coconut Creek, FL 33073",Opening,Not specified,No opening date has been announced,"Mister O1 Extraordinary Pizza announced a new location at 4437 Lyons Road in Coconut Creek. The brand is expanding its South Florida footprint, but no opening date has been provided. The restaurant is known for star‑shaped pizzas.",https://whatnow.com/miami/restaurants/mister-o1-extraordinary-pizza-coming-to-coconut-creek/,"August 28, 2026",2026-08-29
Habit Burger & Grill (Fort Lauderdale),"6500 NW 12th Ave, Suite 101, Fort Lauderdale, FL 33309",Opening,Not specified,No opening date has been announced,"Habit Burger & Grill filed permit applications for a new restaurant at 6500 NW 12th Ave, Suite 101 in Fort Lauderdale. The fast‑casual chain is expanding in South Florida, though an opening date remains unannounced. The location will join 14 existing Habit restaurants in Florida.",https://whatnow.com/miami/restaurants/habit-burger-grill-planning-new-fort-lauderdale-restaurant/,"August 28, 2026",2026-08-29
Frosted Chaos,"518 Long St., Bethlehem, PA 18018",Opening,Not specified,expected to open in early fall,"Former Food Network contestant Angela Malpedo will open Frosted Chaos at 518 Long St. in Bethlehem, occupying the former Granola Factory space. The bakery will offer cupcakes, cookies, brownies and coffee, with an expected early‑fall opening. No specific date has been set.",https://whatnow.com/philadelphia/restaurants/bethlehem-bakery-veteran-makes-comeback-with-frosted-chaos/,"August 28, 2026",2026-08-29
Pilar Coffee Bar & Iced Treats,"17405 S Dixie Hwy, Miami, FL 33157",Opening,Not specified,planned for,"Pilar Coffee Bar & Iced Treats is expanding in South Florida with a new Miami location at 17405 S. Dixie Highway. Permit applications have been filed, but an opening date has not been announced.",https://whatnow.com/miami/restaurants/pilar-coffee-bar-is-opening-a-new-miami-location/,"August 28, 2026",2026-08-29
New York Butcher Shoppe,"4600 W Village Pl, Smyrna, GA 30080",Opening,Not specified,expected to begin construction soon,"New York Butcher Shoppe will add a Smyrna location at 4600 West Village Place, Suite 3001. Franchise owners say construction is expected to begin soon, joining six existing Georgia sites.",https://whatnow.com/atlanta/restaurants/new-york-butcher-shoppe-planning-smyrna-location/,"August 28, 2026",2026-08-29
Damaskino Mediterranean Grill,"3825 Baymeadows Rd, Jacksonville, FL 32217",Opening,Not specified,opening date has not yet been announced,"Damaskino Mediterranean Grill is adding a second Jacksonville location at 3825 Baymeadows Road. A city commercial building permit calls for a tenant build‑out, but no opening date is provided.",https://whatnow.com/jacksonville/restaurants/damaskino-mediterranean-grill-expanding-with-second-jacksonville-location/,"August 28, 2026",2026-08-29
Dalmoros Fresh Italian,"1018 Park St, Jacksonville, FL 32204",Opening,fall 2026,estimated to open its doors by the fall of 2026,"Dalmoros Fresh Italian plans its first Jacksonville restaurant at 1018 Park Street in the Five Points neighborhood. The owners estimate the doors will open by the fall of 2026, featuring fresh‑made pasta and a visible pasta machine.",https://whatnow.com/jacksonville/restaurants/dalmoros-fresh-italian-bringing-fresh-pasta-to-jacksonvilles-five-points/,"August 28, 2026",2026-08-29
Bahama Buck's,"1004 W Rosamond Pkwy, Anna, TX 75409, USA",Opening,spring 2027,targeted for spring 2027,"Bahama Buck's is set to open its first Anna‑Melissa area location at 1004 W. Rosamond Parkway, Suite 600. Franchisees confirmed the opening is targeted for spring 2027, with both soft and grand openings planned.",https://whatnow.com/dallas/restaurants/bahama-bucks-to-open-first-anna-location/,"August 28, 2026",2026-08-29
Crumbl Cookies,"305 State Rte 312, St. Augustine, FL 32086",Opening,Not specified,expected to be completed within the coming months,"Crumbl Cookies is planning a new storefront at Cobblestone Village in St. Augustine, taking over the former Hues Hair Salon space. The build‑out has been approved and is expected to be completed in the coming months, but no opening date is announced.",https://whatnow.com/jacksonville/restaurants/crumbl-cookies-planning-first-st-johns-county-store/,"August 28, 2026",2026-08-29
Army Ant’s Cheeseburgers,Address not specified,Opening,January 2028,targeting an opening no later than January 2028,"Army Ant’s Cheeseburgers is planning an old‑school burger joint in Avondale, with owners searching for a location. They aim to open no later than January 2028 and have a grand opening celebration planned.",https://whatnow.com/phoenix/restaurants/army-ants-cheeseburgers-planning-old-school-burger-joint-in-avondale/,"August 28, 2026",2026-08-29
Suki Desu,"709 9th Ave., New York, NY 10019",Opening,Not specified,Coming soon,"Suki Desu will expand to a Hell’s Kitchen location at 709 9th Ave., occupying the former Manhattan Eyeworks space. The intimate sushi restaurant’s interior will have nine tables and a sushi counter, and its Instagram notes the venue is “Coming soon.”",https://whatnow.com/new-york/restaurants/suki-desu-expanding-with-hells-kitchen-location/,"August 28, 2026",2026-08-29
Little Rosa’s Pizza,"6375 Hickory Flat Hwy, Canton, GA 30115",Opening,Not specified,expected to open in fall 2026,"Little Rosa’s Pizza will become a tenant of the upcoming Hickory Flat Marketplace in Canton, GA, a 100,000‑sq ft shopping center slated to open in fall 2026. The pizza shop will serve New York‑style pizza as part of the new development.",https://whatnow.com/atlanta/restaurants/little-rosas-pizza-joining-hickory-flat-marketplace/,"August 28, 2026",2026-08-29
Leon’s Family Dining,"8787 Telegraph Rd, Taylor, MI 48180",Closing,"September 13, 2026","will permanently close on September 13, 2026","Leon’s Family Dining in Taylor, Michigan, announced it will close permanently after 30 years of service. The restaurant will hold its final dinner and shut its doors on September 13, 2026.",https://whatnow.com/detroit/restaurants/after-30-years-a-taylor-community-diner-is-closing-its-doors/,"August 28, 2026",2026-08-29
Tootles and French,Address not specified (Astoria),Closing,"August 8, 2026",closed,"Tootles and French, a bistro and wine bar in Astoria, announced its closure after three years, citing personal reasons. The restaurant’s closure notice was posted in August 2026.",https://whatnow.com/new-york/restaurants/4-new-york-restaurants-closed-their-doors-permanently-in-august-2026/,"August 28, 2026",2026-08-29
Taco Street,"5602 1st Ave S, Seattle, WA 98108",Opening,Not specified,has not yet announced an opening date,"Taco Street is expanding to a new Seattle location at 5602 First Avenue South. A liquor‑license application shows the space will house a restaurant lounge, service bar, and catering area, but no opening date has been given.",https://whatnow.com/seattle/restaurants/taco-street-expanding-with-new-seattle-location/,"August 28, 2026",2026-08-29
Prelude,"433 Clay St, San Francisco, CA 94111, United States",Closing,"September 19, 2026",permanently shut down,"Prelude, an upscale Southern‑inspired restaurant inside The Jay Hotel, will permanently shut down on September 19, 2026 due to slow business. Omakase Restaurant Group plans to reopen the space with a new concept later that fall.",https://whatnow.com/san-francisco/restaurants/a-southern-fine-dining-gem-inside-the-jay-hotel-is-closing-next-month/,"August 28, 2026",2026-08-29
Kyuramen Express,"40 Gold St, New York, NY 10038",Opening,late summer 2026,will open,"Kyuramen Express, a fast‑casual ramen concept, is slated to open in late summer 2026 at 40 Gold Street in Manhattan’s Financial District. The location will share a multi‑brand dining space with Aokō Matcha and Bao Dumplings.",https://whatnow.com/new-york/restaurants/first-ever-kyuramen-express-to-open-in-new-york-citys-financial-district/,"August 28, 2026",2026-08-29
Chick‑fil‑A,"1569 Flatbush Ave #1573, Brooklyn, NY 11210",Opening,"August 27, 2026",opened,"Chick‑fil‑A opened its fifth Brooklyn location on August 27, 2026 at 1569 Flatbush Avenue, creating 80‑90 jobs. The standalone restaurant offers dine‑in, carry‑out, and delivery services and supports local hunger‑relief programs.",https://whatnow.com/new-york/restaurants/a-popular-chicken-chain-opens-a-new-location-in-brooklyn-with-80-jobs/,"August 28, 2026",2026-08-29
Retro Alley Arcade,"8036 Falls Ave SE, Snoqualmie, WA 98065",Opening,Not specified,preparing to open,"Retro Alley Arcade is set to open at 8036 Falls Avenue Southeast in downtown Snoqualmie. The arcade will include a snack bar license, indicating food and beverage offerings. No opening date or menu details have been released.",https://whatnow.com/seattle/restaurants/retro-alley-arcade-to-open-in-snoqualmie/,"August 27, 2026",2026-08-29
Mountain Song,"60147 State Rte 20, Marblemount, WA 98267",Opening,Not specified,plans to reopen,"A new liquor license application shows Mountain Song intends to reopen at 60147 State Route 20, Building A in Marblemount. The restaurant previously closed for the season in September 2023. An opening date has not been provided.",https://whatnow.com/seattle/restaurants/mountain-song-plans-to-reopen-in-marblemount/,"August 27, 2026",2026-08-29
Beef Box German Shawarma,"4929 Lankershim Blvd, North Hollywood, CA 91601",Opening,Not specified,getting ready to open,"Beef Box German Shawarma will open a second location at 4929 N. Lankershim Boulevard in North Hollywood, the former home of Dog Haus. The fast‑casual concept offers German‑style shawarma with dine‑in, pickup, and delivery. No exact opening date has been announced.",https://whatnow.com/los-angeles/restaurants/beef-box-german-shawarma-coming-to-north-hollywood/,"August 27, 2026",2026-08-29
The Woodmont Grill,"7715 Woodmont Ave, Bethesda, MD 20814",Closing,Not specified,closed its doors,The Woodmont Grill closed its doors in Bethesda after 33 years of operation. The space was purchased by Steve Salis and Catalogue restaurant group. Plans are underway to replace it with a Ted’s Bulletin location.,https://whatnow.com/washington-dc/restaurants/beloved-dmv-chain-to-replace-the-woodmont-grill/,"August 27, 2026",2026-08-29
Char BBQ,"13513 Poway Rd, Poway, CA 92064",Opening,Not specified,expected to open,"Char BBQ, a former pop‑up, is preparing to open a new restaurant in Creekside Plaza, Poway, in the former Tikka Lounge space. Documents show the location at 13513 Poway Rd and the opening is expected within two to three months, though no exact date is given.",https://whatnow.com/san-diego/restaurants/char-bbq-preparing-to-open-in-creekside-plaza/,"August 27, 2026",2026-08-29
Pura Vida Miami,"10250 Santa Monica Blvd, Los Angeles, CA 90067",Opening,Not specified,set to open,"Pura Vida Miami, a wellness‑focused brand, will open its sixth California location at Westfield Century City, 10250 Santa Monica Blvd, Los Angeles. The mall directory lists the concept as a “coming soon” tenant, but no opening date has been announced.",https://whatnow.com/los-angeles/restaurants/pura-vida-miami-coming-to-century-city/,"August 27, 2026",2026-08-29
Bossa,"305 NW 21st Ave, Portland, OR 97209, USA",Opening,mid October,targeting a mid October opening,"Bossa, a Brazilian café and cocktail bar, will take over the former Choice of India space at 305 NW 21st Ave in Portland. Owners aim for a mid‑October opening after zoning delays pushed back an originally planned spring launch.",https://whatnow.com/portland/restaurants/bossa-brings-brazilian-coffee-cocktails-and-community-to-nw-21st-avenue/,"August 27, 2026",2026-08-29
The Blue Corn Cafe & Bakery,Address not specified,Opening,mid-October,plans to open,"The Blue Corn Cafe & Bakery announced plans to open a fourth location in Avondale, targeting a mid‑October opening. The exact address has not been released, and the bakery will share it on social media in the coming weeks.",https://whatnow.com/phoenix/restaurants/the-blue-corn-cafe-bakery-plans-fourth-location-in-avondale/,"August 27, 2026",2026-08-29
Papa Juan’s Baja Grill & Bar,"19230 Nordhoff St, Northridge, CA 91324",Opening,Not specified,preparing to open,Papa Juan’s Baja Grill & Bar is preparing to open a new Baja‑style seafood restaurant at 19230 W. Nordhoff Street in Northridge. The company has submitted planning documents but has not announced an opening date. The location will be the chain’s third in the area near Walnut Grove Shopping Center.,https://whatnow.com/los-angeles/restaurants/papa-juans-baja-grill-bar-coming-to-northridge/,"September 15, 2026",2026-09-15
Heart 2 Heart Cafe,"23011 Moulton Parkway Suite G2, Laguna Hills, CA 92653",Opening,January 2027,preparing to open,Heart 2 Heart Cafe (H2H Cafe) is set to open at 23011 Moulton Parkway Suite G2 in Laguna Hills in January 2027. The cafe will be developed alongside Six String Coffee Roasters by the same owners. No specific opening day has been released.,https://whatnow.com/orange-county/restaurants/heart-2-heart-cafe-to-open-in-january-2027/,"September 15, 2026",2026-09-15
Edd’s & Flo’s Artisan Bakery Cafe,Address not specified,Closing,Sept. 20,will close,"Edd’s & Flo’s Artisan Bakery Cafe announced it will close its current Lancaster location on Sunday, Sept. 20 after five years of operation. The owners are relocating to Philadelphia and are still finalizing a lease for the new site.",https://whatnow.com/philadelphia/restaurants/edds-flos-artisan-bakery-cafe-sets-sights-on-fishtown/,"September 15, 2026",2026-09-15
Oakwell Beer Spa,Address not specified,Opening,Not specified,is coming to the Las Vegas Valley,"Oakwell Beer Spa, a Colorado‑based social wellness brand, signed its first franchisee agreement to bring the concept to the Las Vegas Valley. The franchisees are scouting locations in the Arts District, but no site or opening date has been confirmed.",https://whatnow.com/las-vegas/restaurants/oakwell-beer-spa-a-colorado-based-social-wellness-brand-to-debut-in-las-vegas/,"September 15, 2026",2026-09-15
Original Tommy’s,"20032 Ventura Blvd, Woodland Hills, CA 91364",Opening,Not specified,getting ready to open,"Original Tommy’s will open a new restaurant at 20032 Ventura Blvd in Woodland Hills, taking over the former Nix Automotive Service space. An exact opening date has not been announced.",https://whatnow.com/los-angeles/restaurants/original-tommys-coming-to-woodland-hills/,"September 15, 2026",2026-09-15
Preslee’s Southern Good Eatery,"6001 Hwy Blvd, Katy, TX 77494",Opening,Not specified,Details about a grand opening have yet to be announced.,"Preslee’s Southern Good Eatery announced plans to open a new location in Old Town Katy at 6001 Highway Blvd. The opening is expected before the end of this year or early next year, but a grand opening date has not been announced. The new site will share a plaza with the sister concept Greenlee’s Mexican Kitchen.",https://whatnow.com/houston/restaurants/preslees-southern-good-eatery-announces-its-headed-to-katy/,"September 15, 2026",2026-09-15
No qualifying business found,,,,,QDOBA disclosed a development agreement with Hyperion Brands to build 17 new restaurants across San Diego County. No specific locations or opening timelines were provided. The agreement is part of a broader plan to double the brand’s footprint.,https://whatnow.com/san-diego/restaurants/qdoba-signs-17-unit-development-agreement-across-san-diego-county/,"September 15, 2026",2026-09-15
Jean,"161 W Girard Ave., 2nd Floor, Philadelphia, PA 19123",Opening,Not specified,An official opening date has not yet been announced.,"Jean, an intimate fire‑focused dining concept from Emmett’s team, will open on the second floor of Emmett’s at 161 W Girard Ave., 2nd Floor, Philadelphia. The restaurant will feature a 12‑course tasting menu cooked over an open hearth for up to 15 guests. An official opening date has not yet been announced, with the team targeting late fall 2026.",https://whatnow.com/philadelphia/restaurants/emmetts-team-to-open-intimate-fireside-experience-in-northern-liberties/,"September 15, 2026",2026-09-15
Caribou Coffee,"5181 Stone Mountain Hwy, Stone Mountain, GA 30087",Opening,"August 26, 2026",opened,"Caribou Coffee opened a new store at 5181 Stone Mountain Highway, Ste 100 in Stone Mountain, Georgia. The grand opening took place on August 26, 2026, with celebrations running from September 12‑18. The location adds the brand’s 19th store in Georgia.",https://whatnow.com/atlanta/restaurants/popular-coffeehouse-chain-opens-its-19th-georgia-location-in-stone-mountain/,"September 15, 2026",2026-09-15
Sushiya on Sunset,"8650 W. Sunset Blvd, West Hollywood, CA 90069",Closing,September 29,will close on September 29,"Sushiya on Sunset, a long‑running Japanese restaurant at 8650 W. Sunset Blvd, announced it will close on September 29, ending its 28‑year run. The closure was shared on social media, thanking the community. Customers expressed disappointment.",https://whatnow.com/los-angeles/restaurants/a-west-hollywood-sushi-landmark-is-ending-its-28-year-run/,"September 15, 2026",2026-09-15
La Casa Bayou,"2600 E Milton Ave, Youngsville, LA 70592",Opening,Not specified,preparing to open,La Casa Bayou is a new restaurant blending Mexican cuisine with Louisiana hospitality that is being built at 2600 E. Milton Ave in Youngsville. Construction is currently underway and the owners posted updates showing chandeliers and stucco work. An official opening date has not been provided.,https://whatnow.com/new-orleans/restaurants/mexican-spot-with-louisiana-soul-coming-to-lafayette-parish/,"September 15, 2026",2026-09-15
Thai’d Up,"4520 Freret St, New Orleans, LA 70115",Opening,Not specified,preparing to bring,Thai’d Up is preparing to bring its modern Southeast Asian menu to a new outpost at 4520 Freret St in New Orleans. The owners plan to secure a liquor license for the space and note it will be the first dedicated Thai concept on Freret Street. No opening date has been announced.,https://whatnow.com/new-orleans/restaurants/thaid-up-bringing-its-modern-southeast-asian-food-to-freret-street/,"September 15, 2026",2026-09-15
Yank Sing,"101 Spear St, San Francisco, CA 94105",Closing,"September 20, 2026","will serve its final dinner on September 20, 2026","Yank Sing announced that its Rincon Center location at 101 Spear St will close, with the final dinner scheduled for September 20, 2026. The closure ends a 27‑year run at that site, though the sister Stevenson Street location will remain open. The announcement was shared via social media.",https://whatnow.com/san-francisco/restaurants/san-francisco-dim-sum-restaurant-to-close-its-rincon-center-location-after-27-years/,"September 15, 2026",2026-09-15
Captain D’s,"7531 Bandera Rd, San Antonio, TX 78238",Opening,September 9,officially opened September 9,"Captain D’s opened its first San Antonio restaurant at 7531 Bandera Rd, Suite 101, debuting a new design direction for the brand. The ribbon‑cutting ceremony took place on September 9, featuring local entertainers. The location includes a drive‑thru and seating for 42 guests.",https://whatnow.com/san-antonio/restaurants/captain-ds-brings-its-next-generation-restaurant-design-to-san-antonio/,"September 15, 2026",2026-09-15
ÓOL,"178 Spring St, New York, NY 10012",Opening,Not specified,opens,"ÓOL, pronounced “awl,” is New York’s first cacao café located at 178 Spring Street in SoHo. The bi‑level space offers a Cacao Bar where guests can customize drinks and a lower‑level studio for tastings and workshops, which will open in the coming weeks.",https://whatnow.com/new-york/restaurants/ool-new-yorks-first-cacao-cafe-opens-in-soho/,"September 15, 2026",2026-09-15
Chicken Salad Chick,"6391 Hickory Flat Highway, Canton, GA (zip not provided)",Opening,mid-October,targeting a mid-October opening,"Chicken Salad Chick will open a new fast‑casual location at 6391 Hickory Flat Highway in Canton, within the Hickory Flat Marketplace. The restaurant is targeting a mid‑October opening.",https://whatnow.com/atlanta/restaurants/4-upcoming-restaurant-openings-we-reported-across-metro-atlanta-last-week-sep-7-11/,"September 15, 2026",2026-09-15
The Leaky Roof Tavern,"1538 SW Jefferson St, Portland, OR 97201",Opening,Not specified,is opening,"The Leaky Roof Tavern is set to replace the long‑standing Leaky Roof Gastropub at 1538 SW Jefferson St in Portland’s Goose Hollow. The original gastropub closed abruptly in July, and new owners Agron and Roni Pervizi plan to launch the tavern concept. No further details on the menu or opening timeline have been released.",https://whatnow.com/portland/restaurants/from-gastropub-to-tavern-an-old-favorite-returns/,"September 14, 2026",2026-09-15
Delicias Aly,"3801 Yosemite Blvd, Suite C, Modesto, CA 95357",Opening,October,targeting an October opening,"Delicias Aly, previously a food‑truck operation, will open its first brick‑and‑mortar restaurant at 3801 Yosemite Blvd, Suite C in Modesto. Owner Bertha Aguilar says the Mexican‑focused menu is targeting an October opening. The move marks the truck’s transition to a permanent sit‑down location.",https://whatnow.com/sacramento/restaurants/delicias-aly-opens-its-first-storefront-in-modesto-this-october/,"September 14, 2026",2026-09-15
Bray’s Hamburgers,"1327 Dix Hwy, Lincoln Park, MI 48146",Opening,mid-October,hoping to open the location by mid-October,"Bray’s Hamburgers is expanding to Lincoln Park, Michigan, with a new storefront at 1327 Dix Highway. Owner Agron Duhanaj says the 1950s‑style fast‑food concept aims to open by mid‑October. The chain already operates locations in Clinton Township, Flat Rock and Port Huron.",https://whatnow.com/detroit/restaurants/detroit-based-brays-hamburgers-coming-to-lincoln-park-next-month/,"September 14, 2026",2026-09-15
Mecatos Bakery & Café,"504 W Vine St, Kissimmee, FL 34741",Opening,this winter,preparing to expand with a new location,"Mecatos Bakery & Café plans a winter opening at 504 W Vine St in Kissimmee, taking over a former Hardee’s building. The Colombian‑inspired coffee and bakery franchise will add its menu of pastries, arepas and drinks to the area. No specific opening date has been announced.",https://whatnow.com/orlando/restaurants/mecatos-bakery-cafe-expanding-to-kissimmee-this-winter/,"September 14, 2026",2026-09-15
Doughnut Plant,"1285 1st Ave., New York, NY 10021",Opening,Not specified,Opening soon,"Doughnut Plant will add a new shop at 1285 1st Ave near East 69th Street in New York’s Lenox Hill. While an official opening date is pending, signage on the building reads “Opening soon.” The shop will feature the brand’s signature square donuts and other varieties.",https://whatnow.com/new-york/restaurants/doughnut-plant-plans-to-sweeten-up-lenox-hill-with-new-shop/,"September 14, 2026",2026-09-15
PJ’s Coffee of New Orleans,"1952 S John Young Pkwy, Kissimmee, FL 34741",Opening,Not specified,new cafe opening,"PJ’s Coffee of New Orleans is expanding to Kissimmee with a new cafe at 1952 S John Young Pkwy. The brand, known for espresso drinks and beignets, will join nearby Medical Villages and Lechonera El Jibarito. No opening date has been announced.",https://whatnow.com/orlando/restaurants/pjs-coffee-of-new-orleans-headed-to-kissimmee/,"September 14, 2026",2026-09-15
Afterlife Bar and Grill,"3601 W Diversey Ave, Chicago, IL 60647",Opening,Not specified,hoping to open the location sometime next year,"Afterlife Bar and Grill is planned for 3601 W Diversey Avenue in Logan Square, a former funeral home site. Owners James and Valerie Spyropoulos hope to open the venue sometime next year, offering beer, cocktails, burgers and wings. The project will share the building with apartments above.",https://whatnow.com/chicago/restaurants/afterlife-bar-opening-at-former-funeral-home-space-in-logan-square/,"September 14, 2026",2026-09-15
Friedman’s Restaurant,"541-555 Amsterdam Ave., New York, NY 10024",Opening,Not specified,official opening date has not yet been announced,"Friedman’s Restaurant intends to open a new location on the Upper West Side at 541-555 Amsterdam Ave. The 5,000‑square‑foot space will remain home to Barney Greengrass and Hudson & Charles while Friedman’s adds its gluten‑free menu. An official opening date has not yet been announced.",https://whatnow.com/new-york/restaurants/friedmans-bringing-gluten-free-favorites-to-upper-west-side/,"September 14, 2026",2026-09-15
Sariel Pica Pollo,"1903 Michigan Ave, Kissimmee, FL 34744",Opening,Not specified,would open,"Sariel Pica Pollo plans to open a Dominican fried‑chicken restaurant at 1903 Michigan Ave in Kissimmee, according to plan‑review paperwork. The proposed site is across from Iglesia Pentecostal Unida Latinoamericana. No opening date is provided.",https://whatnow.com/orlando/restaurants/new-restaurant-plans-to-bring-pica-pollo-to-michigan-avenue-in-kissimmee/,"September 14, 2026",2026-09-15
Joy Japan Sushi & Hibachi,"9179 Babcock St SE, Palm Bay, FL 32909",Opening,Not specified,Coming Soon,"Joy Japan Sushi & Hibachi is set to open in the Shoppes at Cypress Bay, 9179 Babcock St SE, Palm Bay. A Facebook post described the venue as “Coming Soon,” and plan‑review documents show the opening is moving forward. This will be the chain’s second Florida location.",https://whatnow.com/orlando/restaurants/joy-japan-sushi-hibachi-opening-in-palm-bay/,"September 14, 2026",2026-09-15
Dycore Mobile Luxe,"13370 Chef Menteur Hwy, New Orleans, LA 70129",Opening,Not specified,currently underway,"Dycore Mobile Luxe, a food‑truck brand, is converting to a brick‑and‑mortar grab‑and‑go café at 13370 Chef Menteur Hwy in New Orleans East. Co‑owner Cassandra Charlot says the venue will serve breakfast, lunch and dinner with limited seating and will also support her non‑profit. Final build‑outs are underway with a mid‑to‑late fall opening targeted.",https://whatnow.com/new-orleans/restaurants/scratch-made-grab-and-go-cafe-coming-to-nola-east/,"September 14, 2026",2026-09-15
Tusk,"50 N Main St., Doylestown, PA 18901",Opening,Not specified,set to welcome a new upscale yet approachable dining spot later this year,"Tusk, an upscale American restaurant owned by Michael and Joy Grafenstine, will open at 50 N Main St. in Doylestown, PA. The concept will feature seasonal dishes, gluten‑free and vegetarian options, and a full bar. An official opening date has not yet been announced.",https://whatnow.com/philadelphia/restaurants/tusk-set-to-bring-elevated-american-cuisine-to-doylestown/,"September 14, 2026",2026-09-15
Curry Mantra Indian Cuisine,"60 E Main St, Apopka, FL 32703",Opening,Not specified,planned,"Curry Mantra Indian Cuisine plans to open a new Indian restaurant at 60 E Main St. in Apopka, FL. The menu will include traditional Indian dishes such as Paneer Tikka and Butter Chicken. The project is still in the planning stage with no confirmed opening date.",https://whatnow.com/orlando/restaurants/new-indian-restaurant-plans-apopka-opening/,"September 14, 2026",2026-09-15
Carnegie Deli,"834 7th Ave, New York, NY 10019",Opening,September 15,reopening,"Carnegie Deli is reopening on September 15 at 834 7th Ave in New York City, taking over the former Stage Deli space. The deli will bring back its classic menu items and Wall of Fame, along with new sandwiches and breakfast options. The reopening marks the return of the iconic New York deli.",https://whatnow.com/new-york/restaurants/iconic-new-york-deli-is-returning-to-a-former-rivals-space-this-month/,"September 14, 2026",2026-09-15
Comptoir (The Counter Café),"2805 N Tamiami Trail, Sarasota, FL 34234",Opening,first week of October,hopeful we can open in the first week of October,"Comptoir, also called The Counter Café, is set to take over the former Shelf Indulgence Used Book Cafe at 2805 N Tamiami Trail in Sarasota. The co‑owner says cleaning and updates are underway and hopes to open in the first week of October. The space previously closed on May 17.",https://whatnow.com/uncategorized/restaurants/comptoir-looks-to-be-taking-over-former-shelf-indulgence-space-in-sarasota/,"September 14, 2026",2026-09-15
Jam & Jaggery,"211 1st Ave, New York, NY 10003",Opening,"September 18, 2026",opening on September 18,"Jam & Jaggery is a new speakeasy‑style cocktail lounge created by chef Aarthi Sampath in New York City. Located at 211 1st Ave, it will open on September 18 and will sit below her restaurant Drāvida. The venue will serve South Indian‑inspired cocktails and small bites.",https://whatnow.com/new-york/restaurants/celebrity-chef-aarthi-sampath-is-opening-a-new-speakeasy-in-nyc/,"September 14, 2026",2026-09-15
Chipotle (Los Angeles location),"4531 W. Hollywood Blvd, Los Angeles, CA 90027",Opening,"September 29, 2026",will open on September 29,"Chipotle announced two new restaurants in the Greater Los Angeles area this fall. The Los Angeles site at 4531 W. Hollywood Blvd is slated to open on September 29, 2026. The location will feature the regular menu plus new limited‑time items.",https://whatnow.com/los-angeles/restaurants/popular-mexican-restaurant-chain-to-open-two-new-la-area-locations/,"September 14, 2026",2026-09-15
Angry Crab Shack,"1927 N Gilbert Rd, Mesa, AZ 85203",Opening,"September 24, 2026","celebrating the grand opening on Thursday, Sept. 24, 2026","Angry Crab Shack celebrated the grand opening of its 19th Arizona location in North Mesa on Thursday, Sept. 24, 2026. The restaurant at 1927 N. Gilbert Road offers its signature seafood boils and hosted a day of community festivities.",https://whatnow.com/phoenix/restaurants/angry-crab-shack-celebrates-grand-opening-of-new-north-mesa-location/,"September 14, 2026",2026-09-15
Talkin’ Tacos,"135 2nd Ave N, Nashville, TN 37201",Opening,"September 25, 2026","grand opening celebration will take place on Friday, September 25","Talkin’ Tacos is opening its first Tennessee location at 135 2nd Ave N in downtown Nashville. The grand opening celebration is scheduled for Friday, September 25, 2026 with complimentary birria tacos for the first 100 guests. The 3,300‑sq‑ft restaurant will serve until 2 a.m. daily.",https://whatnow.com/nashville/restaurants/talkin-tacos-brings-viral-birria-and-late-night-eats-to-nashville-with-first-tennessee-location/,"September 14, 2026",2026-09-15
Garbo’s,"626 N Lamar Blvd, Austin, TX 78703",Closing,"September 26, 2026","will serve its last meal on Saturday, September 26, 2026","Garbo’s, a family‑owned lobster restaurant, is closing its Lamar Blvd location after three years. The restaurant will serve its final meal on Saturday, September 26, 2026, while the North Mopac location remains open.",https://whatnow.com/austin/restaurants/austins-popular-lobster-restaurant-to-close-lamar-location-this-month/,"September 14, 2026",2026-09-15
Senfuku Japanese Restaurant,"380 W 6th St, San Pedro, CA 90731",Closing,"September 16, 2026",will be closing on September 16,"Senfuku Japanese Restaurant announced it will close its doors this month after 45 years. The restaurant will close on September 16, 2026, with special hours from 4 p.m. to 10 p.m. on its final day.",https://whatnow.com/los-angeles/restaurants/beloved-san-pedro-japanese-restaurant-announces-closure/,"September 14, 2026",2026-09-15
Suck It (The Restaurant),"7220 Louis Pasteur Dr #125, San Antonio, TX 78229",Closing,"December 31, 2026","will permanently shut down on December 31, 2026","Suck It, an Asian‑fusion ramen shop in San Antonio, announced it will permanently shut down on December 31, 2026 after 16 years. The owner cited health issues and the economy as reasons, though plans for pop‑up events were hinted.",https://whatnow.com/san-antonio/restaurants/san-antonio-asian-fusion-restaurant-set-to-close-after-over-a-decade-run/,"September 14, 2026",2026-09-15
Panini Kabob Grill (new Wilshire location),"5779 Wilshire Blvd., Los Angeles, CA 90036",Opening,early 2027,currently under construction,Panini Kabob Grill is expanding with a new Los Angeles restaurant at 5779 Wilshire Blvd. The Wilshire location is currently under construction and is expected to open in early 2027.,https://whatnow.com/los-angeles/restaurants/another-panini-kabob-grill-is-in-the-works/,"September 14, 2026",2026-09-15
The Taco Stand,Address not specified,Opening,Not specified,planning to expand,"The Taco Stand announced plans to add a new location in Westlake Village as part of its expansion across the United States. No address, opening announcement, or further details have been released for the pending venue. The brand currently operates numerous locations nationwide.",https://whatnow.com/los-angeles/restaurants/the-taco-stand-plans-new-westlake-village-location/,"September 14, 2026",2026-09-15
Bossa,"3343 Bd des Sources, Dollard-des-Ormeaux, QC H9B 0A9, Canada",Opening,Not specified,expanding to a fifth location,"Bossa, known for Italian sandwiches, is expanding to a fifth location at BLVD Sources Powerhouses in West Island. The announcement says the new site at 3343 Bd des Sources will open in the next few months, with construction partners named. The brand already operates four other locations in the Montreal area.",https://whatnow.com/montreal/restaurants/sandwich-shop-bossa-expanding-to-west-island/,"September 13, 2026",2026-09-15
Hot N Juicy Crawfish,"14245 Centreville Square, Centreville, VA 20121",Opening,Not specified,construction is set to wrap before the end of autumn,"Hot N Juicy Crawfish is bringing its seafood concept to Fairfax County, taking over the 14245 Centreville Square storefront previously occupied by Gaboja II. Construction is slated to finish by October 23, with a soft opening planned shortly after. The chain previously opened its first Virginia location in Falls Church in 2015.",https://whatnow.com/washington-dc/restaurants/new-seafood-concept-washing-ashore-in-centreville/,"September 13, 2026",2026-09-15
Wonder,"1326 Main Chapel Way, Gambrills, MD 21054",Opening,Not specified,will be customer‑ready at some point in October,"Wonder, a fast‑casual mealtime platform, will open a new venue at 1326 Main Chapel Way in the Village at Waugh Chapel shopping center in Gambrills. While no specific opening date is set, a representative says the restaurant will be customer‑ready at some point in October. This will be Wonder’s third location in Anne Arundel County.",https://whatnow.com/washington-dc/restaurants/wonder-headed-to-gambrills-this-fall/,"September 13, 2026",2026-09-15
Beignets and Brew,"1853 E Highland Dr, Jonesboro, AR 72401",Opening,Not specified,getting closer to opening its doors,"Beignets and Brew is preparing to open its second franchise in Jonesboro at 1853 E Highland Drive. The concept, which blends New Orleans‑style beignets with coffee, now aims for an autumn debut after recruiting staff. The owners previously launched Potbelly, Crumbl and Rock N Roll Sushi locations.",https://whatnow.com/memphis/restaurants/jonesboro-sweet-spot-readies-for-opening/,"September 13, 2026",2026-09-15
Chef Flavas,"6301 Stage Rd, Memphis, TN 38134",Opening,mid‑November,hoping to get open by mid‑November,Chef Flavas in Bartlett is rebuilding after a fire; drywall and a new AC unit have been installed and the interior should be finished by Oct 31. Ownership hopes to open the restaurant by mid‑November.,https://whatnow.com/memphis/restaurants/bartlett-get-ready-to-welcome-back-chef-flavas/,"September 13, 2026",2026-09-15
Philz Coffee,"3050 Main St., Irvine, CA 92614",Opening,Not specified,preparing to open,Philz Coffee plans a new drive‑through location at 3050 Main St. in Irvine’s Harvard Auto Plaza. The City of Irvine approved a minor conditional‑use modification in July 2026 for tenant improvements to the existing building.,https://whatnow.com/orange-county/restaurants/philz-coffee-planning-drive-thru-at-irvines-harvard-auto-plaza/,"September 13, 2026",2026-09-15
Beach Harbor Pizza,"24921 Dana Point Harbor Drive, Suite B‑140, Dana Point, CA 92629",Opening,Not specified,planning a new location,"Beach Harbor Pizza filed a plan review for a new restaurant at 24921 Dana Point Harbor Drive, Suite B‑140. No opening date is provided and the business remains open at its current harbor site during construction.",https://whatnow.com/orange-county/restaurants/beach-harbor-pizza-planning-new-dana-point-location-after-harbor-closure/,"September 13, 2026",2026-09-15
Jack’s Family Restaurant,"6484 Winchester Rd, Memphis, TN 38115",Opening,Not specified,has submitted paperwork to construct a new location,Jack’s Family Restaurant submitted a final plat review to build a new restaurant on the outparcel of Hickory Commons Shopping Center at 6484 Winchester Road. The application is still under review as of Aug 18.,https://whatnow.com/memphis/restaurants/more-jacks-proposed-for-memphis/,"September 13, 2026",2026-09-15
UNIQLO,"801 Market St., San Francisco, CA 94103",Opening,"October 9, 2026",preparing to open,"UNIQLO will open a flagship store at 801 Market St. in San Francisco on Oct 9, 2026. The store replaces the former Old Navy space and will offer LifeWear apparel plus services such as Ship to Store and custom printing.",https://whatnow.com/uncategorized/restaurants/uniqlo-preparing-flagship-store-on-san-francisco-s-market-street/,"September 13, 2026",2026-09-15
Bar Nuestro,"1331 Yards Pl SE, Washington, DC 20003",Opening,late October,getting ready to open its doors,"Bar Nuestro, a new Latin bistro by hospitality veteran Daniella Senior, will open in Navy Yard at 1331 Yards Place SE. The concept is projected to open in late October and the team is still finalizing details and recruiting staff.",https://whatnow.com/washington-dc/restaurants/navy-yard-to-welcome-new-latin-bistro-this-fall/,"September 13, 2026",2026-09-15
The Berliner,"2436 18th St NW, Washington, DC 20009",Opening,October,should be customer‑ready in October,"The Berliner, a revived German beer‑hall concept by Popal Group, will relocate to 2436 18th Street NW in Adams Morgan. While a precise opening date isn’t announced, it is expected to be ready for customers in October.",https://whatnow.com/washington-dc/restaurants/the-berliner-bringing-beer-hall-charm-back-to-dc/,"September 13, 2026",2026-09-15
Palmetto Superfoods,"525 Hahman Drive, Santa Rosa, CA 95405",Opening,Not specified,Coming Soon,"Palmetto Superfoods is slated to join Montgomery Village in Santa Rosa at 525 Hahman Drive. The tenant directory lists the concept as “Coming Soon,” with no opening date provided.",https://whatnow.com/san-francisco/restaurants/palmetto-superfoods-coming-to-montgomery-village/,"September 13, 2026",2026-09-15
Bonn Coffee,"2095 E. Orangethorpe Ave., Suite B, Placentia, CA 92870",Opening,Not specified,planning a new coffee shop,"Bonn Coffee filed a plan‑review for a new coffee shop at 2095 E. Orangethorpe Ave., Suite B in Placentia. The health‑department record confirms the project as new construction but gives no opening timeline.",https://whatnow.com/orange-county/restaurants/bonn-coffee-planning-new-placentia-location/,"September 13, 2026",2026-09-15
Six String Coffee Roasters,"23011 Moulton Pkwy., Suite G-6, Laguna Hills, CA 92653",Opening,Not specified,planning an Orange County location,"Six String Coffee Roasters submitted a county plan‑review for an Orange County location at 23011 Moulton Parkway, Suite G‑6 in Laguna Hills. The announcement describes it as the company’s latest venture, without a confirmed opening date.",https://whatnow.com/orange-county/restaurants/six-string-coffee-roasters-planning-orange-county-location/,"September 13, 2026",2026-09-15
Three Boys Coffee,"945 Otay Lakes Rd, Chula Vista, CA 91913",Opening,Not specified,coming soon,"Three Boys Coffee is preparing a second location in Chula Vista at 945 Otay Lakes Road in the College Plaza shopping center. Permitting records show a 1,703‑sq‑ft space is under review and the website lists the site as “coming soon.”",https://whatnow.com/san-diego/restaurants/three-boys-coffee-plans-second-location/,"September 13, 2026",2026-09-15
Organic Hour \,Restore Cafe & Juicery,"Palmdale, CA 93551",Opening,Not specified,planned,A new Organic Hour,"Restore Cafe & Juicery is planned for the Rancho Vista Plaza in West Palmdale. Construction records show a build‑out of a 1,282‑sq‑ft space starting Oct 1 2026 with an expected completion in March.",2026-09-15
Wild Poppy Café & Market,"6780 Depot St., Suite 160, Sebastopol, CA 95472",Opening,Not specified,planned,"Wild Poppy Café & Market intends to open a second location at 6780 Depot St., Suite 160 in Sebastopol’s The Barlow, taking over the former Woodfour Brewing space. The project was expected early summer 2026 but has slipped with no confirmed opening date.",https://whatnow.com/san-francisco/restaurants/wild-poppy-expanding-with-second-sebastopol-location/,"September 12, 2026",2026-09-15
Shibam Coffee,"3370 Rouse Rd, Orlando, FL 32817",Opening,Not specified,will open,"Shibam Coffee announced a debut in Orlando at 3370 Rouse Road, near University Boulevard. The Instagram post says the coffee shop will open soon, adding Yemeni‑style drinks to the area.",https://whatnow.com/orlando/restaurants/shibam-coffee-plans-orlando-debut/,"September 12, 2026",2026-09-15
Peruanísima Bakery,"12720 S Orange Blossom Trl, Orlando, FL 32837",Opening,Not specified,would open,Peruanísima Bakery plans a new Orlando location at 12720 S Orange Blossom Trail in the Deerfield Village retail center. Plan review documents indicate the bakery “would open” at that address.,https://whatnow.com/orlando/restaurants/peruanisima-bakery-looks-to-be-expanding-to-orlando-for-second-location/,"September 12, 2026",2026-09-15
Portillo’s,"Aeronautical Dr & E Irlo Bronson Memorial Hwy, Kissimmee, FL 34744",Opening,Not specified,in the works,A new Portillo’s is planned as part of a proposed retail center on East Irlo Bronson Memorial Highway in Kissimmee. The center would also include a Dutch Bros and an oil‑change shop. The proposal was discussed at an Osceola County meeting on September 1.,https://whatnow.com/orlando/restaurants/planned-east-irlo-bronson-memorial-highway-retail-center-includes-new-portillos/,"September 12, 2026",2026-09-15
Spice Palette (new “Spiced Palette”),"1287 Nexton Pkwy, Summerville, SC 29483",Opening,Not specified,just a few months out,"Spice Palette announced a new location in Summerville’s Nexton community, with the opening a few months away. The exact site has not been released, but the Marketplace at Nexton is likely. The address listed for the community is 1287 Nexton Pkwy.",https://whatnow.com/charleston/restaurants/spice-palette-indian-cuisine-expanding-to-summervilles-nexton-community/,"September 12, 2026",2026-09-15
Qdoba,"4600 Devine St, Columbia, SC 29205",Opening,Not specified,preparing to open soon,"Qdoba is preparing to open a new restaurant at 4600 Devine St in Columbia, SC. Hiring has begun and the location will be operated by Thrive Restaurant Group. The opening date has not been specified.",https://whatnow.com/charleston/restaurants/qdoba-plans-devine-street-location-in-columbia/,"September 12, 2026",2026-09-15
Wawa,"US‑301 & Paseo Al Mar Blvd, Riverview, FL 33579",Opening,Not specified,construction has already begun on the location,"Wawa announced plans for a new store at the northwest corner of US‑301 and Paseo Al Mar Boulevard in Riverview, FL. Construction has already begun on the location. The company aims to bring its convenience‑store offerings to the Belmont/Riverview area.",https://whatnow.com/tampa/restaurants/wawa-plans-new-riverview-location/,"September 12, 2026",2026-09-15
SeaSpice Rooftop Club,"1900 Broadway, Suite 500, San Antonio, TX 78215, USA",Opening,Not specified,has officially opened,"SeaSpice Rooftop Club has officially opened on the fifth floor of the Jefferson Building at 1900 Broadway, Suite 500 in San Antonio. The venue offers a French‑Riviera‑inspired seafood restaurant and nightlife experience. It is the latest concept from the Gusto Group.",https://whatnow.com/san-antonio/restaurants/seaspice-rooftop-club-opens-at-1900-broadway-near-san-antonios-pearl/,"September 12, 2026",2026-09-15
Café La Lele,"106 Michigan Ave, San Antonio, TX 78201, USA",Opening,mid‑November,currently remodeling,Café La Lele is preparing to open its first brick‑and‑mortar coffee shop at 106 Michigan Ave in San Antonio’s Beacon Hill neighborhood. Owners are currently remodeling the former Folklores Coffee space and are targeting a mid‑November opening. The shop will bring the trailer’s specialty coffee menu to a permanent storefront.,https://whatnow.com/san-antonio/restaurants/cafe-la-lele-to-open-first-brick-and-mortar-coffee-shop-in-san-antonio/,"September 12, 2026",2026-09-15
Treetop Coffee,"Knoxville, TN 37902, USA",Opening,summer 2026,preparing to open,"Treetop Coffee is expanding with a second location at Lone Tree Pass, a mixed‑use development at 200 Gay Street in downtown Knoxville. The owners are preparing to open the new shop in summer 2026, offering a larger space for menu experimentation. The development will include residential units above the commercial area.",https://whatnow.com/nashville/restaurants/tre,,2026-09-15
Burger Republic,"1 Terminal Dr, Nashville, TN 37214, United States",Opening,2028,set to open,Burger Republic will add a location in Concourse A of Nashville International Airport as part of the $855 million renovation. The restaurant is slated to open in 2028 alongside other new food concepts. The airport authority is set to vote on subleases in September.,https://whatnow.com/nashville/restaurants/burger-republic-heads-to-nashville-international-airport-with-new-concourse-a-location/,"September 12, 2026",2026-09-15
Mi Cozumel,"310 Straight St, Cincinnati, OH 45219, USA",Opening,Not specified,will open,"Mi Cozumel announced a new 6,400‑square‑foot restaurant inside Hotel Celare at 310 Straight St in Clifton. The venue will replace the former Cap City Fine Diner and Bar space. The opening date has not been disclosed.",https://whatnow.com/columbus/restaurants/mi-cozumel-to-open-6400-square-foot-restaurant-at-hotel-celare-in-clifton/,"September 12, 2026",2026-09-15
Nikko Steakhouse,"325 Arlington Ave, Charlotte, NC 28203, USA",Opening,Not specified,renovations are now underway,"Nikko Steakhouse will replace the longtime Nikko Japanese Restaurant at 325 Arlington Ave after a change in ownership. The space is temporarily closed while renovations are underway, and no reopening date has been confirmed. The new concept will combine steakhouse and Japanese menu items.",https://whatnow.com/charlotte/restaurants/nikko-steakhouse-to-take-over-south-end-staple-after-nearly-two-decades/,"September 12, 2026",2026-09-15
7 Brew Coffee,"6565 Winford Ave, Hamilton, OH 45011, USA",Opening,November 9,tentative opening date of November 9,"7 Brew Coffee plans to open a new drive‑thru location at 6565 Winford Ave in Hamilton, Ohio. The franchise listed a tentative opening date of November 9, though the timeline could change. The expansion is part of the brand’s continued growth across Ohio.",https://whatnow.com/columbus/restaurants/7-brew-coffee-plans-new-hamilton-ohio-location/,"September 12, 2026",2026-09-15
Woody’s Bar‑B Q (new Southside location),Address not specified,Opening,around November,expected to open around November,Woody’s Bar‑B Q is preparing a new Southside Jacksonville restaurant expected to open around November. The new site follows a recent ownership change and aims to expand the brand’s footprint. No specific address has been released.,https://whatnow.com/jacksonville/restaurants/woodys-bar-b-q-plans-new-southside-jacksonville-location/,"September 12, 2026",2026-09-15
Juici Patties,"6134 Westheimer Road, Suite B1, Houston, TX 77057",Opening,Spring 2027,should open by Spring 2027,"Juici Patties is planning its second Houston location at 6134 Westheimer Road, Suite B1. A Texas Department of Licensing and Regulation permit shows construction will start toward the end of this year and finish by March next year, with an anticipated opening in Spring 2027.",https://whatnow.com/houston/restaurants/juici-patties-to-open-a-galleria-area-location/,"September 12, 2026",2026-09-15
Bojangles,"3535 S Las Vegas Blvd, Las Vegas, NV",Opening,before the end of this year,before the end of this year,"Bojangles intends to open its first restaurant with a full bar on the Las Vegas Strip at 3535 S Las Vegas Blvd inside the LINQ. The franchisee LV Petroleum says the venue will launch before the end of this year, featuring a Nashville‑style bar and entertainment.",https://whatnow.com/las-vegas/restaurants/bojangles-to-open-its-first-location-with-a-full-bar-inside-the-linq/,"September 11, 2026",2026-09-15
Lila's,"1201 Fannin St, Houston, TX 77002",Opening,Fall 2026,set to open,"Lila’s, a new all‑day restaurant and cocktail destination, will open on the ground floor of 1201 Fannin St in Downtown Houston’s GreenStreet. The concept, led by executive chef Garee Battad and mixologist Zach Smigiel, is slated to open this fall.",https://whatnow.com/houston/restaurants/lilas-new-all-day-restaurant-and-cocktail-destination-opening-this-fall/,"September 11, 2026",2026-09-15
Out of Order,"1224 SW Harvey Milk St, Portland, OR 97205",Opening,late spring 2027,opening somewhere around late spring of next year,"Out of Order, a video‑bar concept, is slated to open at 1224 SW Harvey Milk St in downtown Portland. Owners Ren Scheuerman and Travis Lay say the space is transitioning from retail to a restaurant/bar with an opening projected for late spring next year.",https://whatnow.com/portland/restaurants/a-video-bar-called-out-of-order-is-coming-to-harvey-milk-street/,"September 11, 2026",2026-09-15
Session,,,,,,,,2026-09-17
Rally’s,"4360 West Craig Rd, North Las Vegas, NV 89032",Opening,Not specified,expected to open this fall,Rally’s is bringing its drive‑in burger concept to North Las Vegas. Construction is wrapping up on Craig Road and the brand plans to open the new location this fall.,https://whatnow.com/las-vegas/restaurants/rallys-is-coming-to-north-las-vegas/,"September 16, 2026",2026-09-17
Acai Brasil,"18721 University Blvd Ste. 130, Sugar Land, TX 77479",Opening,Not specified,should open by this fall,Acai Brasil received a Texas permit to remodel Suite 130 in the Riverstone Shopping Center and expects construction to finish by the end of October. The smoothie shop is slated to open by this fall.,https://whatnow.com/houston/restaurants/acai-brasil-to-open-within-the-riverstone-shopping-center/,"September 16, 2026",2026-09-17
Broncos Mexican Grill,"277 S Mountain Ave, Upland, CA 91786",Opening,Not specified,exact opening date has not been announced,"Broncos Mexican Grill is working on a second restaurant in Upland, which will replace the former I Like Pie Bakespace. A liquor license has been filed, but no opening date has been provided.",https://whatnow.com/los-angeles/restaurants/broncos-mexican-grill-working-on-second-location/,"September 16, 2026",2026-09-17
Olive Garden,"19865 IH 35, Kyle, TX 78640",Opening,December 2027,is planning a new restaurant,Olive Garden filed public documents indicating a new location will be built in the Kyle Park development. Construction is slated for completion in December 2027.,https://whatnow.com/austin/restaurants/olive-garden-plans-new-restaurant-in-kyle/,"September 16, 2026",2026-09-17
Joia Burger,Address not specified,Opening,Not specified,set to open before the year is out,"Joia Burger will open a grab‑and‑go spot in Logan Circle, taking over the former Café Saint‑Ex kitchen. The new location will stay open late, serving burgers until 2 am weekdays and 3 am weekends.",https://whatnow.com/washington-dc/restaurants/joia-burger-preparing-to-feed-logan-circle-well-into-the-night/,"September 16, 2026",2026-09-17
Just Salad,"450 Paradise Rd, Suite 3, Swampscott, MA 01907",Opening,Not specified,planning to open,"Just Salad announced plans to open its first Swampscott location at 450 Paradise Road, Suite 3 in the Swampscott Mall. Permits and business filings confirm the planned site, though no opening timeline has been released. The chain will join its existing Massachusetts locations once the new restaurant opens.",https://whatnow.com/boston/restaurants/just-salad-continues-massachusetts-expansion-with-upcoming-swampscott-location/,"September 16, 2026",2026-09-17
Black Bear Diner,"4388 W Craig Rd, North Las Vegas, NV 89032",Opening,by the end of October this year,working on its first North Las Vegas opening,"Black Bear Diner is preparing its first North Las Vegas restaurant at 4388 W Craig Rd, part of a new retail development. The company’s COO confirmed the corporate opening, with a target to open by the end of October 2026. The diner will offer its family‑friendly comfort menu to the local community.",https://whatnow.com/las-vegas/restaurants/black-bear-diner-to-open-a-north-las-vegas-location/,"September 16, 2026",2026-09-17
Mezeh Mediterranean Grill,"2405 Centreville Rd, Herndon, VA 20171",Opening,Not specified,newly announced,"Mezeh Mediterranean Grill announced a new fast‑casual location in Herndon’s Village Center at 2405 Centreville Rd, taking over the former Noodles & Co space. The site is listed on the Village Center website, but no opening date has been provided. The Mediterranean concept will add to Mezeh’s 50‑plus locations nationwide.",https://whatnow.com/washington-dc/restaurants/mezeh-bringing-taste-of-the-mediterranean-to-herndon/,"September 16, 2026",2026-09-17
Burning Rice,"3211 FM 2181 #100, Corinth, TX 76210",Opening,around January 2027,expected to open around January 2027,"Burning Rice filed public documents to open a new restaurant at 3211 FM 2181, Suite 100 in Corinth, Texas. CEO Will Choi said the location is expected to open around January 2027, pending permits and construction. The new spot will expand the brand’s Korean BBQ offering in North Texas.",https://whatnow.com/dallas/restaurants/burning-rice-plans-corinth-location/,"September 16, 2026",2026-09-17
The Baldwin,"55208 Van Dyke Ave, Shelby Township, MI 48316",Opening,around Nov. 13,hoping to open around Nov. 13,"The Baldwin, the third concept from Baldwin Restaurant Group, is slated for a new restaurant at 55208 Van Dyke Ave in Shelby Township. Executive Chef Gabriella Baldwin indicated a hoped‑for opening around Nov. 13, 2026. The venue will serve progressive New American cuisine alongside neighboring eateries.",https://whatnow.com/detroit/restaurants/the-baldwin-to-serve-new-american-cuisine-in-shelby-township-this-fall/,"September 16, 2026",2026-09-17
KBBQ Lounge,"280 S Rampart Blvd, Los Angeles, CA 90057",Opening,Not specified,still under construction,"KBBQ Lounge is proposing a 2,792‑sq‑ft restaurant in the former Continental Bakery space at 280 S Rampart Blvd. The owners say the project is still under construction and no exact opening date has been announced.",https://whatnow.com/los-angeles/restaurants/kbbq-lounge-preparing-to-debut-in-echo-park/,"September 16, 2026",2026-09-17
CuppaPug,"14180 Beach Blvd, Jacksonville, FL 32250",Opening,November 2026,expected to open in November,"CuppaPug plans to bring its pug‑focused café concept to Jacksonville at 14180 Beach Blvd. The 2,400‑sq‑ft space is slated to open in November, offering coffee, pastries and scheduled pug‑cuddling sessions.",https://whatnow.com/jacksonville/restaurants/cuppapug-bringing-pug-cafe-experience-to-jacksonville/,"September 16, 2026",2026-09-17
Tievoli Pizza Bar,"119 W Lake St, Bloomingdale, IL 60108",Opening,Jan. 1,under construction,Tievoli Pizza Bar is expanding from Palatine to a second location at 119 W Lake St in Bloomingdale. The new spot is under construction and the owners hope to debut it by Jan. 1.,https://whatnow.com/chicago/restaurants/tievoli-pizza-bar-seeking-expansion-bringing-thin-crust-to-bloomingdale/,"September 16, 2026",2026-09-17
The Stand,"26440 Ynez Rd, Temecula, CA 92591",Opening,Not specified,coming soon,"The Stand, a California fast‑casual chain, is preparing to open a new restaurant at 26440 Ynez Rd in Temecula. The location is listed as “coming soon” with an opening likely toward the end of the year.",https://whatnow.com/san-diego/restaurants/the-stand-getting-closer-to-temecula-opening/,"September 16, 2026",2026-09-17
The Fifth String,"1490 Eudora St, Denver, CO 80220",Opening,Not specified,coming soon,"The Fifth String’s upcoming Denver venue at 1490 Eudora St is still in the “coming soon” phase, with no opening date announced. The restaurant’s website lists the address and marks the hours as coming soon.",https://whatnow.com/denver/restaurants/the-fifth-string-still-coming-soon-to-denvers-eudora-street/,"September 16, 2026",2026-09-17
No qualifying business found,N/A,N/A,N/A,N/A,N/A,https://whatnow.com/san-diego/restaurants/cartel-roasting-co-pursuing-encinitas-location/,"September 16, 2026",2026-09-17
Besa Bakery and Tea Room Speakeasy,"301 E Bay St, Jacksonville, FL 32202",Opening,Not specified,under construction,"A new bakery and late‑night concept called Besa Bakery and Tea Room Speakeasy is planned for 301 E. Bay Street in Jacksonville’s Elbow District. The Downtown Investment Authority lists the project as under construction, with no opening date announced.",https://whatnow.com/jacksonville/restaurants/besa-bakery-and-tea-room-speakeasy-coming-to-downtown-jacksonville/,"September 16, 2026",2026-09-17
NAYA,"311 7th Ave, Brooklyn, NY 11215",Opening,"September 16, 2026",opening on September 16,"NAYA is opening its 50th location in Park Slope, Brooklyn at 311 7th Avenue. The restaurant opened on September 16, 2026 and will celebrate with special deals for the first guests.",https://whatnow.com/new-york/restaurants/this-lebanese-inspired-restaurant-just-opened-its-50th-location-in-brooklyn/,"September 16, 2026",2026-09-17
Maison du Jus,"616 Virginia Dr, Orlando, FL 32803",Opening,Not specified,will open next month,Equilibre Healthy Food founder Nice Kim is launching a new juice concept called Maison du Jus at 616 Virginia Dr in Orlando. The streamlined juice shop is slated to open next month.,https://whatnow.com/orlando/restaurants/team-behind-equilibre-healthy-food-launching-new-juice-concept/,"September 16, 2026",2026-09-17
Trattoria Lo So,"2048 W Armitage Ave, Chicago, IL 60647",Opening,Not specified,aiming to open early next year,The owners of Monteverde are planning a new Italian concept called Trattoria Lo So at 2048 W Armitage Ave in Chicago’s Bucktown. The team is aiming to open early next year and the project is currently in the planning stages.,https://whatnow.com/chicago/restaurants/monteverde-owners-introducing-trattoria-lo-so-concept-in-bucktown/,"September 16, 2026",2026-09-17
Rush Bowls,"681 E Louisiana Ave, Denver, CO 80210",Opening,Not specified,coming soon,Rush Bowls is planning a new South Denver location at 681 E. Louisiana Ave. The site is listed as ‘coming soon’ on the company’s website and careers page. No opening date has been announced.,https://whatnow.com/denver/restaurants/rush-bowls-coming-soon-to-south-denver/,"September 16, 2026",2026-09-17
Uka Omakase,"277 W 22nd St., New York, NY 10011",Opening,Not specified,official opening date has not yet been announced,"Uka Omakase will open a second Manhattan restaurant at 277 W. 22nd St. in West Chelsea. The liquor license application confirms the space, but an official opening date has not been announced.",https://whatnow.com/new-york/restaurants/uka-omakase-to-open-second-manhattan-location-in-west-chelsea/,"September 16, 2026",2026-09-17
Homegrown Tap & Dough,5710 S. Carefree Circle,Opening,Not specified,expected to open this fall,Homegrown Tap & Dough is slated to open its first Colorado Springs restaurant at 5710 S. Carefree Circle this fall. The project involves a full renovation of the former space and includes custom design elements.,https://whatnow.com/denver/restaurants/homegrown-tap-dough-coming-to-colorado-springs-this-fall/,"September 16, 2026",2026-09-17
Francesca’s Pizzeria,"29 N Station Plaza, Great Neck, NY 11021",Closing,September 13,closed its doors permanently,Francesca’s Pizzeria in Great Neck announced it permanently closed its doors on September 13 after 35 years of operation. The closure was posted on the restaurant’s website and social media.,https://whatnow.com/new-york/restaurants/a-longtime-italian-pizzeria-has-closed-after-35-years/,"September 16, 2026",2026-09-17
Oeste Bar & Kitchen,"722 Clay St, Oakland, CA 94607",Closing,October,likely to close in October,"Oeste Bar & Kitchen in Oakland announced it will likely close in October after nine years, citing rising operating costs. The owner posted the closure notice on social media, inviting patrons for a final visit.",https://whatnow.com/san-francisco/restaurants/vibrant-oakland-bar-announces-october-closure-after-nearly-a-decade-run/,"September 16, 2026",2026-09-17
Two Bit Club,"93 Society St, Charleston, SC 29401",Closing,October 1,closed,"Two Bit Club, a Vietnamese restaurant launched by Indigo Road Hospitality at Hotel Richemont, has closed as Indigo Road exits management. The transition to Hartness Development is set for October 1, and a new restaurant concept is planned for the space. The hotel will remain operational during the change.",https://whatnow.com/charleston/restaurants/indigo-road-closes-two-bit-club-hartness-development-planning-new-concept-to-replace-it/,"September 16, 2026",2026-09-17
Mary Margaret’s Olde Irish Tavern,"21 3rd St N, St. Petersburg, FL 33701",Opening,Not specified,working to open,"Mary Margaret’s Olde Irish Tavern in St. Petersburg is expanding into the adjacent 21 Third St N space currently occupied by Top Slice Pizzeria. The 1,400‑sq‑ft addition will double seating and add a second bar, with plans to open by Christmas or before the February anniversary. The original location remains at 29 Third St N.",https://whatnow.com/tampa/restaurants/mary-margarets-olde-irish-tavern-expanding-next-door/,"September 16, 2026",2026-09-17
No qualifying business found,N/A,N/A,N/A,N/A,"The article highlights that So. Fox, located at 1017 N Highland Ave NE in Atlanta, was included on The New York Times 2026 list of 50 restaurants. No information about a new opening or closure is provided.",https://whatnow.com/atlanta/restaurants/one-atlanta-restaurant-made-the-new-york-times-2026-list-of-50-restaurants/,"September 16, 2026",2026-09-17
Zio Al’s Pizza and Pasta,"250 W 19th St, Suite E, Houston, TX 77008",Opening,Not specified,looking at an opening around mid-November,"Zio Al’s Pizza & Pasta plans to open a takeout‑only location at 250 W 19th St, Suite E in the Houston Heights. Construction began in July and the team now expects to open around mid‑November 2026. The permit describes renovation of a tenant lease space into a 1,150‑sq‑ft restaurant.",https://whatnow.com/houston/restaurants/zio-als-pizza-and-pasta-to-open-in-the-heights-this-fall/,"September 16, 2026",2026-09-17
The Astor,"425 Lafayette St, New York, NY 10003",Opening,"September 15, 2026",now open,"The Astor opened inside the Public Theater in New York’s NoHo neighborhood on September 15, 2026. The 70‑seat restaurant replaces the theater’s former restaurant, The Library, and is a collaboration between Joe’s Pub, NoHo Hospitality Group, and the Public Theater. It features a tavern‑style interior with vintage theater memorabilia.",https://whatnow.com/new-york/restaurants/a-new-restaurant-has-opened-inside-new-yorks-public-theater/,"September 16, 2026",2026-09-17
Gabby’s Queens Quay,"15 Queens Quay E, Toronto, ON M5E 0C5, Canada",Opening,Not specified,opening,"Gabby’s opened a new flagship location called Gabby’s Queens Quay at 15 Queens Quay East in Toronto’s waterfront district. The restaurant offers a family‑owned neighbourhood concept with a $9.75 cocktail list, happy hour specials, and validated underground parking. The first 75 guests received complimentary chicken tenders and fries starting at noon.",https://whatnow.com/toronto/restaurants/gabbys-brings-its-family-owned-neighbourhood-focus-to-torontos-waterfront/,"September 16, 2026",2026-09-17
Texas Roadhouse,"I‑35 & US Highway 287, Waxahachie, TX 75165",Opening,June 2027,plans to build,"Texas Roadhouse announced plans to build a new restaurant at the intersection of I‑35 and U.S. Highway 287 in Waxahachie, Texas. Public filings list a construction completion date of June 2027, though the timeline may change. The project follows a template the chain has used for recent Texas expansions.",https://whatnow.com/dallas/restaurants/texas-roadhouse-plans-new-location-in-waxahachie/,"September 15, 2026",2026-09-17
Nuez de Azahar,"902 E 5th St., Unit 105, Austin, TX 78702, USA",Opening,Not specified,plans to open,"Nuez de Azahar, a McAllen‑based bakery, plans its first Austin location at 902 E 5th St., Unit 105 in East Austin. Owner Priscilla Melhem says the project is still in permitting and hopes to open in the last week of October, pending approvals. The bakery is known for cookies, cakes, and coffee.",https://whatnow.com/austin/restaurants/nuez-de-azahar-plans-to-debut-in-east-austin/,"September 15, 2026",2026-09-17
Qargo Coffee,"529 Ogden Ave, Downers Grove, IL 60515",Opening,Not specified,hoping to open,"Qargo Coffee’s franchisee Moiz Hussain is preparing a new café at 529 Ogden Avenue in Downers Grove, Illinois. The owner hopes to open by the end of 2026 or early 2027, pending city permitting and construction. The location will join the Downers Plaza Shopping Center and offer the chain’s Italian‑style coffee drinks.",https://whatnow.com/chicago/restaurants/qargo-coffee-franchisee-building-new-cafe-in-downers-grove/,"September 15, 2026",2026-09-17
Puckett’s Hendersonville,"1039 Glenbrook Way, Hendersonville, TN 37075",Closing,September 18,permanently closed,"Puckett’s announced it will permanently close its Hendersonville location at Glenbrook Center, 1039 Glenbrook Way. The restaurant will serve its final meal on September 18. The closure is part of a strategic review by the A. Marshall hospitality group.",https://whatnow.com/nashville/restaurants/southern-comfort-food-chain-to-close-two-locations-this-week/,"September 15, 2026",2026-09-17
LongHorn Steakhouse,"19889 IH 35 Kyle, TX 78640",Opening,Not specified,plans to build,"LongHorn Steakhouse plans to build a new restaurant at 19889 IH 35 in Kyle, Texas. The ground‑up project will be 5,780 sq ft with parking and utilities. The company has not provided an opening timeline.",https://whatnow.com/austin/restaurants/longhorn-steakhouse-plans-kyle-location/,"September 14, 2026",2026-09-17
JOEY Maple,"2508 Maple Ave Dallas, TX 75201",Opening,"September 10, 2026",debuted,"JOEY Maple opened its second Dallas location at 2508 Maple Avenue in Uptown on September 10, 2026. The restaurant features a menu of steaks, sushi, and other dishes and a design with skylight and glass walls. The opening was announced by JOEY Restaurants.",https://whatnow.com/dallas/restaurants/joey-maple-debuts-in-uptown-dallas/,"September 14, 2026",2026-09-17
Flat Grounds Coffee,"790 S Waverly Dr, Dallas, TX 75208, USA",Opening,mid-December 2026,soft opening planned,"Flat Grounds Coffee intends to open a coffee, lounge, and vintage boutique at 790 S Waverly Drive in Dallas, with a soft opening slated for mid‑December 2026. The concept blends skateboarding culture with café and retail space. Founder Michael Rammal confirmed the timeline.",https://whatnow.com/dallas/restaurants/flat-grounds-coffee-to-bring-skate-culture-and-vintage-style-to-allen/,"September 14, 2026",2026-09-17
Lumpy’s Place by Swig & Swine,"2871 Maybank Hwy, Johns Island, SC 29455",Opening,Not specified,Lumpy’s Place is still going through the design process,"Swig & Swine BBQ is launching a new restaurant concept called Lumpy’s Place, named in memory of the owner’s late son. The venue will be at 2871 Maybank Highway on Johns Island and is currently in the design phase with no further details released.",https://whatnow.com/charleston/restaurants/swig-swine-bbq-launching-new-concept-lumpys-place-by-swig-swine/,"September 14, 2026",2026-09-17
Rōmyō,"1401 Larimer St, Denver, CO 80202",Opening,Not specified,grand opening,"Bonanno Concepts opened Rōmyō, Denver’s first dedicated itameshi restaurant, at 1401 Larimer St. The restaurant fuses Japanese and Italian cuisines, seats 80, and features a bar, patio, and distinctive design elements. It marks the permanent home of the group’s popular annual pop‑up concept.",https://whatnow.com/denver/restaurants/romyo-denvers-first-itameshi-restaurant-now-open-on-larimer-square/,"September 14, 2026",2026-09-17
