date,title,address,url,Date_Appended
2026-09-16,This Lebanese-Inspired Restaurant Just Opened Its 50th Location in Brooklyn,"311 7th Ave, Brooklyn, NY 11215",https://whatnow.com/new-york/restaurants/this-lebanese-inspired-restaurant-just-opened-its-50th-location-in-brooklyn/,2026-09-17
2026-09-16,Burning Rice Plans Corinth Location,"3211 FM 2181 #100 Corinth, TX 76210",https://whatnow.com/dallas/restaurants/burning-rice-plans-corinth-location/,2026-09-17
2026-09-16,The Fifth String Still Coming Soon to Denver’s Eudora Street,"1490 Eudora St, Denver, CO 80220",https://whatnow.com/denver/restaurants/the-fifth-string-still-coming-soon-to-denvers-eudora-street/,2026-09-17
2026-09-16,The Stand Getting Closer to Temecula Opening,"26440 Ynez Rd, Temecula, CA 92591",https://whatnow.com/san-diego/restaurants/the-stand-getting-closer-to-temecula-opening/,2026-09-17
2026-09-16,"Tievoli Pizza Bar Seeking Expansion, Bringing Thin-Crust to Bloomingdale","119 W Lake St, Bloomingdale, IL 60108",https://whatnow.com/chicago/restaurants/tievoli-pizza-bar-seeking-expansion-bringing-thin-crust-to-bloomingdale/,2026-09-17
2026-09-16,CuppaPug Bringing Pug Cafe Experience to Jacksonville,"14180 Beach Blvd, Jacksonville, FL 32250",https://whatnow.com/jacksonville/restaurants/cuppapug-bringing-pug-cafe-experience-to-jacksonville/,2026-09-17
2026-09-16,KBBQ Lounge Preparing to Debut in Echo Park,"280 S Rampart Blvd, Los Angeles, CA 90057",https://whatnow.com/los-angeles/restaurants/kbbq-lounge-preparing-to-debut-in-echo-park/,2026-09-17
2026-09-16,The Baldwin to Serve New American Cuisine in Shelby Township This Fall,"55208 Van Dyke Ave, Shelby Township, MI 48316",https://whatnow.com/detroit/restaurants/the-baldwin-to-serve-new-american-cuisine-in-shelby-township-this-fall/,2026-09-17
2026-09-16,Mezeh Bringing Taste of the Mediterranean to Herndon,"2405 Centreville Rd, Herndon, VA 20171",https://whatnow.com/washington-dc/restaurants/mezeh-bringing-taste-of-the-mediterranean-to-herndon/,2026-09-17
2026-09-16,Besa Bakery and Tea Room Speakeasy Coming to Downtown Jacksonville,"301 E Bay St, Jacksonville, FL 32202",https://whatnow.com/jacksonville/restaurants/besa-bakery-and-tea-room-speakeasy-coming-to-downtown-jacksonville/,2026-09-17
2026-09-16,Black Bear Diner to Open a North Las Vegas Location,"4388 W Craig Rd, North Las Vegas, NV 89032",https://whatnow.com/las-vegas/restaurants/black-bear-diner-to-open-a-north-las-vegas-location/,2026-09-17
2026-09-16,Just Salad Continues Massachusetts Expansion With Upcoming Swampscott Location,"450 Paradise Rd, Suite 3, Swampscott, MA 01907",https://whatnow.com/boston/restaurants/just-salad-continues-massachusetts-expansion-with-upcoming-swampscott-location/,2026-09-17
2026-09-16,Joia Burger Preparing to Feed Logan Circle Well into the Night,,https://whatnow.com/washington-dc/restaurants/joia-burger-preparing-to-feed-logan-circle-well-into-the-night/,2026-09-17
2026-09-16,Olive Garden Plans New Restaurant in Kyle,"19865 IH 35 Kyle, TX 78640",https://whatnow.com/austin/restaurants/olive-garden-plans-new-restaurant-in-kyle/,2026-09-17
2026-09-16,Broncos Mexican Grill Working on Second Location,"277 S Mountain Ave, Upland, CA 91786",https://whatnow.com/los-angeles/restaurants/broncos-mexican-grill-working-on-second-location/,2026-09-17
2026-09-16,Acai Brasil to Open Within the Riverstone Shopping Center,"18721 University Blvd, Sugar Land, TX 77479",https://whatnow.com/houston/restaurants/acai-brasil-to-open-within-the-riverstone-shopping-center/,2026-09-17
2026-09-16,Cartel Roasting Co. Taking Over Ownership of Encinitas’ Moto Deli,"190 N Coast Hwy 101, Encinitas, CA 92024",https://whatnow.com/san-diego/restaurants/cartel-roasting-co-pursuing-encinitas-location/,2026-09-17
2026-09-16,Rally's is Coming to North Las Vegas,"4360 W Craig Rd, North Las Vegas, NV 89032",https://whatnow.com/las-vegas/restaurants/rallys-is-coming-to-north-las-vegas/,2026-09-17
2026-09-16,Mary Margaret’s Olde Irish Tavern Expanding Next Door,,https://whatnow.com/tampa/restaurants/mary-margarets-olde-irish-tavern-expanding-next-door/,2026-09-17
2026-09-16,Monteverde Owners Introducing 'Trattoria Lo So' Concept in Bucktown,"2048 W Armitage Ave, Chicago, IL 60647",https://whatnow.com/chicago/restaurants/monteverde-owners-introducing-trattoria-lo-so-concept-in-bucktown/,2026-09-17
2026-09-16,Rush Bowls Coming Soon to South Denver,"681 E Louisiana Ave, Denver, CO 80210",https://whatnow.com/denver/restaurants/rush-bowls-coming-soon-to-south-denver/,2026-09-17
2026-09-16,Uka Omakase to Open Second Manhattan Location in West Chelsea,"277 W 22nd St., New York, NY 10011",https://whatnow.com/new-york/restaurants/uka-omakase-to-open-second-manhattan-location-in-west-chelsea/,2026-09-17
2026-09-16,Homegrown Tap & Dough Coming to Colorado Springs This Fall,5710 S. Carefree Circle,https://whatnow.com/denver/restaurants/homegrown-tap-dough-coming-to-colorado-springs-this-fall/,2026-09-17
2026-09-16,A Longtime Italian Pizzeria Has Closed After 35 Years,"29 N Station Plaza, Great Neck, NY 11021",https://whatnow.com/new-york/restaurants/a-longtime-italian-pizzeria-has-closed-after-35-years/,2026-09-17
2026-09-16,Vibrant Oakland Bar Announces October Closure After Nearly a Decade Run,"722 Clay St, Oakland, CA 94607",https://whatnow.com/san-francisco/restaurants/vibrant-oakland-bar-announces-october-closure-after-nearly-a-decade-run/,2026-09-17
2026-09-16,"Indigo Road Closes Two Bit Club, Hartness Development Planning New Concept to Replace It","93 Society St, Charleston, SC 29401",https://whatnow.com/charleston/restaurants/indigo-road-closes-two-bit-club-hartness-development-planning-new-concept-to-replace-it/,2026-09-17
2026-09-16,Team Behind Equilibre Healthy Food Launching New Juice Concept,"616 Virginia Dr, Orlando, FL 32803",https://whatnow.com/orlando/restaurants/team-behind-equilibre-healthy-food-launching-new-juice-concept/,2026-09-17
2026-09-16,One Atlanta Restaurant Made The New York Times’ 2026 List of 50 Restaurants,"1017 N Highland Ave NE, Atlanta, GA 30306",https://whatnow.com/atlanta/restaurants/one-atlanta-restaurant-made-the-new-york-times-2026-list-of-50-restaurants/,2026-09-17
2026-09-16,Zio Al’s Pizza and Pasta to Open in The Heights This Fall,"250 W 19th St, Houston, TX 77008",https://whatnow.com/houston/restaurants/zio-als-pizza-and-pasta-to-open-in-the-heights-this-fall/,2026-09-17
2026-09-16,Bluebonnet & Thyme Brings a Cajun-Texas Culinary Experience to Victory Park | What Now Dallas,"2610 N Houston St, Dallas, TX 75219",https://whatnow.com/dallas/restaurants/bluebonnet-thyme-brings-a-cajun-texas-culinary-experience-to-victory-park/,2026-09-17
2026-09-16,A New Restaurant Has Opened Inside New York’s Public Theater,"425 Lafayette St, New York, NY 10003",https://whatnow.com/new-york/restaurants/a-new-restaurant-has-opened-inside-new-yorks-public-theater/,2026-09-17
2026-09-16,Gabby’s Brings Its Family-Owned Neighbourhood Focus to Toronto’s Waterfront | What Now Toronto,"15 Queens Quay E, Toronto, ON M5E 0C5, Canada",https://whatnow.com/toronto/restaurants/gabbys-brings-its-family-owned-neighbourhood-focus-to-torontos-waterfront/,2026-09-17
2026-09-15,Nuez de Azahar Plans To Debut in East Austin,"902 E 5th St., Austin, TX 78702, USA",https://whatnow.com/austin/restaurants/nuez-de-azahar-plans-to-debut-in-east-austin/,2026-09-17
2026-09-15,Heart 2 Heart Cafe To Open In January 2027,"23011 Moulton Pkwy, Laguna Hills, CA 92653",https://whatnow.com/orange-county/restaurants/heart-2-heart-cafe-to-open-in-january-2027/,2026-09-15
2026-09-15,Texas Roadhouse Plans New Location in Waxahachie,"I35 & US Highway 287 Waxahachie, TX 75165",https://whatnow.com/dallas/restaurants/texas-roadhouse-plans-new-location-in-waxahachie/,2026-09-17
2026-09-15,Papa Juan’s Baja Grill & Bar Coming to Northridge,"19230 Nordhoff St, Northridge, CA 91324",https://whatnow.com/los-angeles/restaurants/papa-juans-baja-grill-bar-coming-to-northridge/,2026-09-15
2026-09-15,Qargo Coffee Franchisee Building New Cafe in Downers Grove,"529 Ogden Ave, Downers Grove, IL 60515",https://whatnow.com/chicago/restaurants/qargo-coffee-franchisee-building-new-cafe-in-downers-grove/,2026-09-17
2026-09-15,QDOBA Signs 17 Unit Development Agreement Across San Diego County,,https://whatnow.com/san-diego/restaurants/qdoba-signs-17-unit-development-agreement-across-san-diego-county/,2026-09-15
2026-09-15,"Oakwell Beer Spa, a Colorado-based Social Wellness Brand, to Debut in Las Vegas",,https://whatnow.com/las-vegas/restaurants/oakwell-beer-spa-a-colorado-based-social-wellness-brand-to-debut-in-las-vegas/,2026-09-15
2026-09-15,Preslee’s Southern Good Eatery Announces its Headed to Katy,"6001 Hwy Blvd, Katy, TX 77494",https://whatnow.com/houston/restaurants/preslees-southern-good-eatery-announces-its-headed-to-katy/,2026-09-15
2026-09-15,Emmett’s Team to Open Intimate Fireside Experience in Northern Liberties,"161 W Girard Ave., 2nd Floor, Philadelphia, PA 19123",https://whatnow.com/philadelphia/restaurants/emmetts-team-to-open-intimate-fireside-experience-in-northern-liberties/,2026-09-15
2026-09-15,Popular Coffeehouse Chain Opens Its 19th Georgia Location in Stone Mountain,"5181 Stone Mountain Hwy, Stone Mountain, GA 30087",https://whatnow.com/atlanta/restaurants/popular-coffeehouse-chain-opens-its-19th-georgia-location-in-stone-mountain/,2026-09-15
2026-09-15,Southern Comfort Food Chain to Close Two Locations This Week,,https://whatnow.com/nashville/restaurants/southern-comfort-food-chain-to-close-two-locations-this-week/,2026-09-15
2026-09-15,A West Hollywood Sushi Landmark Is Ending Its 28-Year Run,"8650 Sunset Blvd, West Hollywood, CA 90069",https://whatnow.com/los-angeles/restaurants/a-west-hollywood-sushi-landmark-is-ending-its-28-year-run/,2026-09-15
2026-09-15,Mexican Spot With ‘Louisiana Soul’ Coming to Lafayette Parish,"2600 E Milton Ave, Youngsville, LA 70592",https://whatnow.com/new-orleans/restaurants/mexican-spot-with-louisiana-soul-coming-to-lafayette-parish/,2026-09-15
2026-09-15,Thai’d Up Bringing Its Modern Southeast Asian Food to Freret Street,"4520 Freret St, New Orleans, LA 70115",https://whatnow.com/new-orleans/restaurants/thaid-up-bringing-its-modern-southeast-asian-food-to-freret-street/,2026-09-15
2026-09-15,San Francisco Dim Sum Restaurant to Close Its Rincon Center Location After 27 Years,"101 Spear St, San Francisco, CA 94105",https://whatnow.com/san-francisco/restaurants/san-francisco-dim-sum-restaurant-to-close-its-rincon-center-location-after-27-years/,2026-09-15
2026-09-15,Captain D’s Brings Its Next Generation Restaurant Design to San Antonio | What Now San Antonio,"7531 Bandera Rd, San Antonio, TX 78238",https://whatnow.com/san-antonio/restaurants/captain-ds-brings-its-next-generation-restaurant-design-to-san-antonio/,2026-09-15
2026-09-15,"ÓOL, New York’s First Cacao Cafe, Opens in SoHo | What Now New York","178 Spring St, New York, NY 10012",https://whatnow.com/new-york/restaurants/ool-new-yorks-first-cacao-cafe-opens-in-soho/,2026-09-15
2026-09-15,4 Upcoming Restaurant Openings We Reported Across Metro Atlanta Last Week (Sep 7-11),,https://whatnow.com/atlanta/restaurants/4-upcoming-restaurant-openings-we-reported-across-metro-atlanta-last-week-sep-7-11/,2026-09-15
2026-09-15,Edd’s & Flo’s Artisan Bakery Cafe Sets Sights on Fishtown,,https://whatnow.com/philadelphia/restaurants/edds-flos-artisan-bakery-cafe-sets-sights-on-fishtown/,2026-09-15
2026-09-15,Original Tommy’s Coming to Woodland Hills,"20032 Ventura Blvd, Woodland Hills, CA 91364",https://whatnow.com/los-angeles/restaurants/original-tommys-coming-to-woodland-hills/,2026-09-15
2026-09-14,Comptoir Taking Over Former Shelf Indulgence Space in Sarasota,"2805 N Tamiami Trl, Sarasota, FL 34234",https://whatnow.com/uncategorized/restaurants/comptoir-looks-to-be-taking-over-former-shelf-indulgence-space-in-sarasota/,2026-09-15
2026-09-14,Joy Japan Sushi & Hibachi Opening in Palm Bay,"9179 Babcock St SE, Palm Bay, FL 32909",https://whatnow.com/orlando/restaurants/joy-japan-sushi-hibachi-opening-in-palm-bay/,2026-09-15
2026-09-14,Flat Grounds Coffee to Bring Skate Culture and Vintage Style to Allen,"790 S Waverly Dr, Dallas, TX 75208, USA",https://whatnow.com/dallas/restaurants/flat-grounds-coffee-to-bring-skate-culture-and-vintage-style-to-allen/,2026-09-15
2026-09-14,Detroit-Based Bray’s Hamburgers Coming to Lincoln Park Next Month,"1327 Dix Hwy, Lincoln Park, MI 48146",https://whatnow.com/detroit/restaurants/detroit-based-brays-hamburgers-coming-to-lincoln-park-next-month/,2026-09-15
2026-09-14,Mecatos Bakery & Café Expanding to Kissimmee This Winter,"504 W Vine St, Kissimmee, FL 34741",https://whatnow.com/orlando/restaurants/mecatos-bakery-cafe-expanding-to-kissimmee-this-winter/,2026-09-15
2026-09-14,Doughnut Plant Plans to Sweeten Up Lenox Hill With New Shop,"1285 1st Ave., New York, NY 10021",https://whatnow.com/new-york/restaurants/doughnut-plant-plans-to-sweeten-up-lenox-hill-with-new-shop/,2026-09-15
2026-09-14,PJ’s Coffee of New Orleans Headed to Kissimmee,"1952 S John Young Pkwy, Kissimmee, FL 34741",https://whatnow.com/orlando/restaurants/pjs-coffee-of-new-orleans-headed-to-kissimmee/,2026-09-15
2026-09-14,'Afterlife Bar' Opening at Former Funeral Home Space in Logan Square,"3601 W Diversey Ave, Chicago, IL 60647",https://whatnow.com/chicago/restaurants/afterlife-bar-opening-at-former-funeral-home-space-in-logan-square/,2026-09-15
2026-09-14,Austin’s Popular Lobster Restaurant to Close Lamar Location This Month,"626 N Lamar Blvd, Austin, TX 78703",https://whatnow.com/austin/restaurants/austins-popular-lobster-restaurant-to-close-lamar-location-this-month/,2026-09-15
2026-09-14,Friedman’s Bringing Gluten-Free Favorites to Upper West Side,"541-555 Amsterdam Ave., New York, NY 10024",https://whatnow.com/new-york/restaurants/friedmans-bringing-gluten-free-favorites-to-upper-west-side/,2026-09-15
2026-09-14,"Scratch-Made, Grab-and-Go Café Coming to NOLA East","13370 Chef Menteur Hwy, New Orleans, LA 70129",https://whatnow.com/new-orleans/restaurants/scratch-made-grab-and-go-cafe-coming-to-nola-east/,2026-09-15
2026-09-14,Celebrity Chef Aarthi Sampath Is Opening a New Speakeasy in NYC,"211 1st Ave, New York, NY 10003",https://whatnow.com/new-york/restaurants/celebrity-chef-aarthi-sampath-is-opening-a-new-speakeasy-in-nyc/,2026-09-15
2026-09-14,Tusk Set to Bring Elevated American Cuisine to Doylestown,"50 N Main St., Doylestown, PA 18901",https://whatnow.com/philadelphia/restaurants/tusk-set-to-bring-elevated-american-cuisine-to-doylestown/,2026-09-15
2026-09-14,New Indian Restaurant Plans Apopka Opening,"60 E Main St, Apopka, FL 32703",https://whatnow.com/orlando/restaurants/new-indian-restaurant-plans-apopka-opening/,2026-09-15
2026-09-14,Swig & Swine BBQ Launching New Concept: Lumpy’s Place by Swig & Swine,"2871 Maybank Hwy, Johns Island, SC 29455",https://whatnow.com/charleston/restaurants/swig-swine-bbq-launching-new-concept-lumpys-place-by-swig-swine/,2026-09-15
2026-09-14,Delicias Aly Opens Its First Storefront in Modesto This October,"3801 Yosemite Blvd, Modesto, CA 95357",https://whatnow.com/sacramento/restaurants/delicias-aly-opens-its-first-storefront-in-modesto-this-october/,2026-09-15
2026-09-14,New Restaurant Plans to Bring Pica Pollo to Michigan Avenue in Kissimmee,"1903 Michigan Ave, Kissimmee, FL 34744",https://whatnow.com/orlando/restaurants/new-restaurant-plans-to-bring-pica-pollo-to-michigan-avenue-in-kissimmee/,2026-09-15
2026-09-14,RŌMYŌ — Denver's First Itameshi Restaurant — Now Open On Larimer Square | What Now Denver,"1401 Larimer St, Denver, CO 80202",https://whatnow.com/denver/restaurants/romyo-denvers-first-itameshi-restaurant-now-open-on-larimer-square/,2026-09-15
2026-09-14,Iconic New York Deli Is Returning to a Former Rival’s Space This Month,"834 7th Ave, New York, NY 10019",https://whatnow.com/new-york/restaurants/iconic-new-york-deli-is-returning-to-a-former-rivals-space-this-month/,2026-09-15
2026-09-14,Popular Mexican Restaurant Chain to Open Two New LA-Area Locations,"4531 Hollywood Blvd, Los Angeles, CA 90027",https://whatnow.com/los-angeles/restaurants/popular-mexican-restaurant-chain-to-open-two-new-la-area-locations/,2026-09-15
2026-09-14,Angry Crab Shack Celebrates Grand Opening of New North Mesa Location | What Now Phoenix,"1927 N Gilbert Rd, Mesa, AZ 85203",https://whatnow.com/phoenix/restaurants/angry-crab-shack-celebrates-grand-opening-of-new-north-mesa-location/,2026-09-15
2026-09-14,"From Gastropub to Tavern, an Old Favorite Returns","1538 SW Jefferson St, Portland, OR 97201",https://whatnow.com/portland/restaurants/from-gastropub-to-tavern-an-old-favorite-returns/,2026-09-15
2026-09-14,JOEY Maple Debuts in Uptown Dallas,"2508 Maple Ave Dallas, TX 75201",https://whatnow.com/dallas/restaurants/joey-maple-debuts-in-uptown-dallas/,2026-09-15
2026-09-14,LongHorn Steakhouse Plans Kyle Location,"19889 IH 35 Kyle, TX 78640",https://whatnow.com/austin/restaurants/longhorn-steakhouse-plans-kyle-location/,2026-09-15
2026-09-14,Talkin’ Tacos Brings Viral Birria and Late-Night Eats to Nashville with First Tennessee Location | What Now Nashville,"135 2nd Ave N, Nashville, TN 37201",https://whatnow.com/nashville/restaurants/talkin-tacos-brings-viral-birria-and-late-night-eats-to-nashville-with-first-tennessee-location/,2026-09-15
2026-09-14,San Antonio Asian Fusion Restaurant Set to Close After Over a Decade Run,"7220 Louis Pasteur Dr #125, San Antonio, TX 78229",https://whatnow.com/san-antonio/restaurants/san-antonio-asian-fusion-restaurant-set-to-close-after-over-a-decade-run/,2026-09-15
2026-09-14,Beloved San Pedro Japanese Restaurant Announces Closure,"380 W 6th St, San Pedro, CA 90731",https://whatnow.com/los-angeles/restaurants/beloved-san-pedro-japanese-restaurant-announces-closure/,2026-09-15
2026-09-14,Another Panini Kabob Grill is in the Works,"5779 Wilshire Blvd., Los Angeles, CA 90036",https://whatnow.com/los-angeles/restaurants/another-panini-kabob-grill-is-in-the-works/,2026-09-15
2026-09-14,The Taco Stand Plans New Westlake Village Location,,https://whatnow.com/los-angeles/restaurants/the-taco-stand-plans-new-westlake-village-location/,2026-09-15
2026-09-13,More Jack’s Proposed for Memphis,"6484 Winchester Rd, Memphis, TN 38115",https://whatnow.com/memphis/restaurants/more-jacks-proposed-for-memphis/,2026-09-15
2026-09-13,Navy Yard to Welcome New Latin Bistro this Fall,"1331 Yards Pl SE, Washington, DC 20003",https://whatnow.com/washington-dc/restaurants/navy-yard-to-welcome-new-latin-bistro-this-fall/,2026-09-15
2026-09-13,New Seafood Concept Washing Ashore in Centreville,"14245 Centreville Square, Centreville, VA 20121",https://whatnow.com/washington-dc/restaurants/new-seafood-concept-washing-ashore-in-centreville/,2026-09-15
2026-09-13,Wonder Headed to Gambrills this Fall,"1326 Main Chapel Way, Gambrills, MD 21054",https://whatnow.com/washington-dc/restaurants/wonder-headed-to-gambrills-this-fall/,2026-09-15
2026-09-13,Jonesboro “Sweet Spot” Readies for Opening,"1853 E Highland Dr, Jonesboro, AR 72401",https://whatnow.com/memphis/restaurants/jonesboro-sweet-spot-readies-for-opening/,2026-09-15
2026-09-13,"Bartlett, Get Ready to Welcome Back Chef Flavas","6301 Stage Rd, Memphis, TN 38134",https://whatnow.com/memphis/restaurants/bartlett-get-ready-to-welcome-back-chef-flavas/,2026-09-15
2026-09-13,Philz Coffee Planning Drive-Thru At Irvine’s Harvard Auto Plaza,"3050 Main St., Irvine, CA 92614",https://whatnow.com/orange-county/restaurants/philz-coffee-planning-drive-thru-at-irvines-harvard-auto-plaza/,2026-09-15
2026-09-13,UNIQLO Preparing Flagship Store On San Francisco s Market Street,"801 Market St., San Francisco, CA 94103",https://whatnow.com/uncategorized/restaurants/uniqlo-preparing-flagship-store-on-san-francisco-s-market-street/,2026-09-15
2026-09-13,Bonn Coffee Planning New Placentia Location,"2095 E. Orangethorpe Ave., Suite B, Placentia, CA 92870",https://whatnow.com/orange-county/restaurants/bonn-coffee-planning-new-placentia-location/,2026-09-15
2026-09-13,The Berliner Bringing Beer-Hall Charm Back to DC,"2436 18th St NW, Washington, DC 20009",https://whatnow.com/washington-dc/restaurants/the-berliner-bringing-beer-hall-charm-back-to-dc/,2026-09-15
2026-09-13,Palmetto Superfoods Coming to Montgomery Village,"525 Hahman Drive, Santa Rosa, CA 95405",https://whatnow.com/san-francisco/restaurants/palmetto-superfoods-coming-to-montgomery-village/,2026-09-15
2026-09-13,Six String Coffee Roasters Planning Orange County Location,"23011 Moulton Pkwy., Suite G-6, Laguna Hills, CA 92653",https://whatnow.com/orange-county/restaurants/six-string-coffee-roasters-planning-orange-county-location/,2026-09-15
2026-09-13,Three Boys Coffee Plans Second Location,"945 Otay Lakes Rd Chula Vista, CA 91913",https://whatnow.com/san-diego/restaurants/three-boys-coffee-plans-second-location/,2026-09-15
2026-09-13,Beach Harbor Pizza Planning New Dana Point Location After Harbor Closure,"Beach Harbor Pizza 24921 Dana Point Harbor Drive, Suite B-140, Dana Point, CA 92629",https://whatnow.com/orange-county/restaurants/beach-harbor-pizza-planning-new-dana-point-location-after-harbor-closure/,2026-09-15
2026-09-13,Sandwich Shop Bossa Expanding To West Island | What Now Montreal,"3343 Bd des Sources, Dollard-des-Ormeaux, QC H9B 0A9, Canada",https://whatnow.com/montreal/restaurants/sandwich-shop-bossa-expanding-to-west-island/,2026-09-15
2026-09-12,Peruanísima Bakery Looks to Be Expanding to Orlando for Second Location,"12720 S Orange Blossom Trl, Orlando, FL 32837",https://whatnow.com/orlando/restaurants/peruanisima-bakery-looks-to-be-expanding-to-orlando-for-second-location/,2026-09-15
2026-09-12,Café La Lele to Open First Brick-and-Mortar Coffee Shop in San Antonio,"106 Michigan Ave, San Antonio, TX 78201, USA",https://whatnow.com/san-antonio/restaurants/cafe-la-lele-to-open-first-brick-and-mortar-coffee-shop-in-san-antonio/,2026-09-15
2026-09-12,Planned East Irlo Bronson Memorial Highway Retail Center Includes New Portillo’s,"Aeronautical Dr & E Irlo Bronson Memorial Hwy, Kissimmee, FL 34744",https://whatnow.com/orlando/restaurants/planned-east-irlo-bronson-memorial-highway-retail-center-includes-new-portillos/,2026-09-15
2026-09-12,Juici Patties to Open a Galleria Area Location,"6134 Westheimer Rd, Houston, TX 77057",https://whatnow.com/houston/restaurants/juici-patties-to-open-a-galleria-area-location/,2026-09-15
2026-09-12,SeaSpice Rooftop Club Opens at Broadway Near San Antonio’s Pearl,"1803 Broadway, San Antonio, TX 78215, USA",https://whatnow.com/san-antonio/restaurants/seaspice-rooftop-club-opens-at-1900-broadway-near-san-antonios-pearl/,2026-09-15
2026-09-12,Shibam Coffee Plans Orlando Debut,"3370 Rouse Rd, Orlando, FL 32817",https://whatnow.com/orlando/restaurants/shibam-coffee-plans-orlando-debut/,2026-09-15
2026-09-12,Woody’s Bar-B-Q Plans New Southside Jacksonville Location,,https://whatnow.com/jacksonville/restaurants/woodys-bar-b-q-plans-new-southside-jacksonville-location/,2026-09-15
2026-09-12,Harbison Tsunami Restaurant Rebranding to Kahlo Mexican Kitchen and Sushi,"1290 Bower Pkwy, Columbia, SC 29212",https://whatnow.com/charleston/restaurants/harbison-tsunami-restaurant-rebranding-to-kahlo-mexican-kitchen-and-sushi/,2026-09-15
2026-09-12,Spice Palette Indian Cuisine Expanding to Summerville’s Nexton Community,"1287 Nexton Pkwy, Summerville, SC 29483",https://whatnow.com/charleston/restaurants/spice-palette-indian-cuisine-expanding-to-summervilles-nexton-community/,2026-09-15
2026-09-12,Qdoba Plans Devine Street Location in Columbia,"4600 Devine St, Columbia, SC 29205",https://whatnow.com/charleston/restaurants/qdoba-plans-devine-street-location-in-columbia/,2026-09-15
2026-09-12,Spuds-N-Subs Bringing Loaded Potatoes and Premiums Subs to Second Myrtle Beach Location,"2304 N Kings Hwy, Myrtle Beach, SC 29577",https://whatnow.com/charleston/restaurants/spuds-n-subs-bringing-loaded-potatoes-and-premiums-subs-to-second-myrtle-beach-location/,2026-09-15
2026-09-12,Wawa Plans New Riverview Location,"US-301 & Paseo Al Mar Blvd, Riverview, FL 33579",https://whatnow.com/tampa/restaurants/wawa-plans-new-riverview-location/,2026-09-15
2026-09-12,Wild Poppy Expanding With Second Sebastopol Location,"6780 Depot St., Suite 160, Sebastopol, CA 95472",https://whatnow.com/san-francisco/restaurants/wild-poppy-expanding-with-second-sebastopol-location/,2026-09-15
2026-09-12,Nikko Steakhouse to Take Over South End Staple After Nearly Two Decades,"325 Arlington Ave, Charlotte, NC 28203, USA",https://whatnow.com/charlotte/restaurants/nikko-steakhouse-to-take-over-south-end-staple-after-nearly-two-decades/,2026-09-15
2026-09-12,Organic Hour | Restore Cafe & Juicery Planned for West Palmdale,"Palmdale, CA 93551",https://whatnow.com/los-angeles/restaurants/organic-hour-restore-cafe-juicery-planned-for-west-palmdale/,2026-09-15
2026-09-12,Treetop Coffee Is Brewing a Second Knoxville Location at Lone Tree Pass,"Knoxville, TN 37902, USA",https://whatnow.com/nashville/restaurants/treetop-coffee-is-brewing-a-second-knoxville-location-at-lone-tree-pass/,2026-09-15
2026-09-12,The Buffalo Room Will Bring a New VIP Experience to Grays on Main Later This Year,"332 Main St, Franklin, TN 37064, USA",https://whatnow.com/nashville/restaurants/the-buffalo-room-will-bring-a-new-vip-experience-to-grays-on-main-later-this-year/,2026-09-15
2026-09-12,Burger Republic Heads to Nashville International Airport With New Concourse A Location,"1 Terminal Dr, Nashville, TN 37214, United States",https://whatnow.com/nashville/restaurants/burger-republic-heads-to-nashville-international-airport-with-new-concourse-a-location/,2026-09-15
2026-09-12,"Mi Cozumel to Open 6,400-Square-Foot Restaurant at Hotel Celare in Clifton","310 Straight St, Cincinnati, OH 45219, USA",https://whatnow.com/columbus/restaurants/mi-cozumel-to-open-6400-square-foot-restaurant-at-hotel-celare-in-clifton/,2026-09-15
2026-09-12,"7 Brew Coffee Plans New Hamilton, Ohio Location","6565 Winford Ave, Hamilton, OH 45011, USA",https://whatnow.com/columbus/restaurants/7-brew-coffee-plans-new-hamilton-ohio-location/,2026-09-15
2026-09-11,A Video Bar Called Out of Order Is Coming to Harvey Milk Street,"1224 SW HARVEY MILK ST, Portland, OR 97205",https://whatnow.com/portland/restaurants/a-video-bar-called-out-of-order-is-coming-to-harvey-milk-street/,2026-09-15
2026-09-11,"Lila's, New All-Day Restaurant and Cocktail Destination, Opening This Fall","1201 Fannin St, Houston, TX 77002",https://whatnow.com/houston/restaurants/lilas-new-all-day-restaurant-and-cocktail-destination-opening-this-fall/,2026-09-15
2026-09-11,Bojangles to Open its First Location with a Full Bar Inside the LINQ,3535 S Las Vegas Blvd,https://whatnow.com/las-vegas/restaurants/bojangles-to-open-its-first-location-with-a-full-bar-inside-the-linq/,2026-09-15
2026-08-29,Bake n’ Soda Bringing Sodas and Treats to Springfield Storefront,"901 S Main St, Springfield, TN 37172",https://whatnow.com/nashville/restaurants/bake-n-soda-bringing-sodas-and-treats-to-springfield-storefront/,2026-08-29
2026-08-28,The Union Sky Rooftop Restaurant to Open in Downtown Concord,"26 Union St S, Concord, NC 28025",https://whatnow.com/charlotte/restaurants/the-union-sky-rooftop-restaurant-to-open-in-downtown-concord/,2026-08-29
2026-08-28,Punjabi Haveli Opening New Location In Scarborough | What Now Toronto,"1780 Markham Rd, Scarborough, ON M1B 2W2, Canada",https://whatnow.com/toronto/restaurants/punjabi-haveli-opening-new-location-in-scarborough/,2026-08-29
2026-08-28,Jamaica House Restaurant Bringing Jamaican Flavors to West Park,"5971 SW 23rd St, West Park, FL 33023",https://whatnow.com/miami/restaurants/jamaica-house-restaurant-bringing-jamaican-flavors-to-west-park/,2026-08-29
2026-08-28,A Popular Chicken Chain Opens a New Location in Brooklyn With 80 Jobs,"1569 Flatbush Ave #1573, Brooklyn, NY 11210",https://whatnow.com/new-york/restaurants/a-popular-chicken-chain-opens-a-new-location-in-brooklyn-with-80-jobs/,2026-08-29
2026-08-28,Mister O1 Extraordinary Pizza Coming to Coconut Creek,"4437 Lyons Rd, Coconut Creek, FL 33073",https://whatnow.com/miami/restaurants/mister-o1-extraordinary-pizza-coming-to-coconut-creek/,2026-08-29
2026-08-28,PIlar Coffee Bar is Opening a New Miami Location,"17405 S Dixie Hwy, Miami, FL 33157",https://whatnow.com/miami/restaurants/pilar-coffee-bar-is-opening-a-new-miami-location/,2026-08-29
2026-08-28,New York Butcher Shoppe Planning Smyrna Location | What Now Atlanta,"4600 W Village Pl, Smyrna, GA 30080",https://whatnow.com/atlanta/restaurants/new-york-butcher-shoppe-planning-smyrna-location/,2026-08-29
2026-08-28,Tru Blue’s House of Wings Announces Reopening,"1039 Johnnie Dodds Blvd, Mt Pleasant, SC 29464",https://whatnow.com/charleston/restaurants/tru-blues-house-of-wings-announces-reopening/,2026-08-29
2026-08-28,Taco Bell Franchisee Converting Empty Drive-Thru,"3828 Hamner Ave, Eastvale, CA 91752",https://whatnow.com/orange-county/restaurants/taco-bell-franchisee-converting-empty-drive-thru/,2026-08-29
2026-08-28,Twin Peaks Coming to Three South Texas Cities,,https://whatnow.com/san-antonio/restaurants/twin-peaks-coming-to-three-south-texas-cities/,2026-08-29
2026-08-28,Caragiulo’s Italian American Restaurant Plans Reopening in New Home,"1833 Ringling Blvd, Sarasota, FL 34236",https://whatnow.com/tampa/restaurants/caragiulos-italian-american-restaurant-plans-reopening-in-new-home/,2026-08-29
2026-08-28,Billiards Company Working on Full-Service Bar and Restaurant Off I-95,"7026 A C Skinner Pkwy, Jacksonville, FL 32256",https://whatnow.com/jacksonville/restaurants/billiards-company-working-on-full-service-bar-and-restaurant-off-i-95/,2026-08-29
2026-08-28,"King Corona 1902 Opening This November with Cigars, Members-Only Lounge","1902 E 7th Ave, Tampa, FL 33605",https://whatnow.com/tampa/restaurants/king-corona-1902-opening-this-november-with-cigars-members-only-lounge/,2026-08-29
2026-08-28,Opening in Venice Crossing: Texas Roadhouse,"2001 Laurel Rd E, Nokomis, FL 34275",https://whatnow.com/tampa/restaurants/opening-in-venice-crossing-texas-roadhouse/,2026-08-29
2026-08-28,Caribou Coffee To Bring Location To Canton | What Now Atlanta,"6375 Hickory Flat Hwy, Canton, GA 30115",https://whatnow.com/atlanta/restaurants/caribou-coffee-to-bring-location-to-canton/,2026-08-29
2026-08-28,Sherry Crossland Planning Six New Restaurants Across Denver Metro,"6365 E Hampden Ave, Denver, CO 80222",https://whatnow.com/denver/restaurants/sherry-crossland-planning-six-new-restaurants-across-denver-metro/,2026-08-29
2026-08-28,Soleta Golf Club Looks to Be Planning Continued Food and Beverage Rollout,"33720 Singletary Rd, Myakka City, FL 34251",https://whatnow.com/tampa/restaurants/soleta-golf-club-looks-to-be-planning-continued-food-and-beverage-rollout/,2026-08-29
2026-08-28,Nicoletto’s Pasta Co. Opening Third Location in Mt. Juliet,"11324 Lebanon Rd, Mt. Juliet, TN 37122",https://whatnow.com/nashville/restaurants/nicolettos-pasta-co-opening-third-location-in-mt-juliet/,2026-08-29
2026-08-28,Bethlehem Bakery Veteran Makes Comeback With Frosted Chaos,"518 Long St., Bethlehem, PA 18018",https://whatnow.com/philadelphia/restaurants/bethlehem-bakery-veteran-makes-comeback-with-frosted-chaos/,2026-08-29
2026-08-28,Renso Pho-Potle Bringing New Pho Experience To Toronto | What Now Toronto,"506 Queen St W, Toronto, ON M5V 2B3, Canada",https://whatnow.com/toronto/restaurants/renso-pho-potle-bringing-new-pho-experience-to-toronto/,2026-08-29
2026-08-28,First-Ever Kyuramen Express to Open in New York City's Financial District | What Now New York,"40 Gold St, New York, NY 10038",https://whatnow.com/new-york/restaurants/first-ever-kyuramen-express-to-open-in-new-york-citys-financial-district/,2026-08-29
2026-08-28,Mark Rich's New York Pizza to Return to the Las Vegas Valley,"1930 Rock Springs Dr, Las Vegas, NV 89128",https://whatnow.com/las-vegas/restaurants/mark-richs-new-york-pizza-to-return-to-the-las-vegas-valley/,2026-08-29
2026-08-28,Lowe’s Donuts Expanding to Newburyport With Second Allergy-Friendly Bakery,"Newburyport, Massachusetts",https://whatnow.com/boston/restaurants/lowes-donuts-expanding-to-newburyport-with-second-allergy-friendly-bakery/,2026-08-29
2026-08-28,Mountain Mike's Pizza Plans New Prosper Location,"220 W Frontier Pkwy #100, Prosper, TX 75078, USA",https://whatnow.com/dallas/restaurants/mountain-mikes-pizza-plans-new-prosper-location/,2026-08-29
2026-08-28,Lira Italian Kitchen Set to Fill a Former Chase Bank Building in Downtown Hilliard,"4056 Main St, Hilliard, OH 43026",https://whatnow.com/columbus/restaurants/lira-italian-kitchen-set-to-fill-a-former-chase-bank-building-in-downtown-hilliard/,2026-08-29
2026-08-28,Building Neighborhood Destination Brands With The Kent Memphis and Over Keel at The Kent,,https://whatnow.com/memphis/restaurants/building-neighborhood-destination-brands-with-the-kent-memphis-and-over-keel-at-the-kent/,2026-08-29
2026-08-28,Locally Owned Diner Chain Expanding to Menifee,"29787 Antelope Rd, Suite 110, Menifee, CA 92584",https://whatnow.com/orange-county/restaurants/locally-owned-diner-chain-expanding-to-menifee/,2026-08-29
2026-08-28,Dave's Hot Chicken Sets Sights on Killeen,"2801 Central Expy, Melissa, TX 75454, USA",https://whatnow.com/austin/restaurants/daves-hot-chicken-sets-sights-on-killeen/,2026-08-29
2026-08-28,Torchy's Tacos to Open New Location at Austin's East Village,"3500 E Parmer Ln, Austin, TX 78754, USA",https://whatnow.com/austin/restaurants/torchys-tacos-to-open-new-location-at-austins-east-village/,2026-08-29
2026-08-28,Urbane Cafe To Open In Dana Point,"32545 Golden Lantern, Dana Point, CA 92629",https://whatnow.com/orange-county/restaurants/urbane-cafe-to-open-in-dana-point/,2026-08-29
2026-08-28,Local Restaurateurs Opening Casa Rubia In Toronto | What Now Toronto,"293 Palmerston Ave, Toronto, ON M6J 2J3, Canada",https://whatnow.com/toronto/restaurants/local-restaurateurs-opening-casa-rubia-in-toronto/,2026-08-29
2026-08-28,Tenka Sushi Eyes Fall Opening in Palm Beach Gardens,"12465 Northlake Blvd #100, Palm Beach Gardens, FL 33412",https://whatnow.com/miami/restaurants/tenka-sushi-eyes-fall-opening-in-palm-beach-gardens/,2026-08-29
2026-08-28,Lady Funari Targets October Opening After $1.5 Million South End Transformation,"222 E Bland St, Charlotte, NC 28203, USA",https://whatnow.com/charlotte/restaurants/lady-funari-targets-october-opening-after-1-5-million-south-end-transformation/,2026-08-29
2026-08-28,New Five Guys Location Opening on James Island,"Suite V, 1739 Maybank Hwy, Charleston, SC 29412",https://whatnow.com/charleston/restaurants/new-five-guys-location-opening-on-james-island/,2026-08-29
2026-08-28,Urban Dining Group Adding Multiple Concepts At NBA Courtside Location | What Now Toronto,"15 Queens Quay E, Toronto, ON M5E 0C5, Canada",https://whatnow.com/toronto/restaurants/urban-dining-group-adding-multiple-concepts-at-nba-courtside-location/,2026-08-29
2026-08-28,"Session House to Bring Irish Music, Elevated Pub Fare, and Soulful Spirit to Dorchester’s Adams Village","782 Adams St, Dorchester, MA 02124",https://whatnow.com/boston/restaurants/session-house-to-bring-irish-music-elevated-pub-fare-and-soulful-spirit-to-dorchesters-adams-village/,2026-08-29
2026-08-28,Asian Hibachi Grill Opening on John Island,"3575 Maybank Hwy, Johns Island, SC 29455",https://whatnow.com/charleston/restaurants/asian-hibachi-grill-opening-on-john-island/,2026-08-29
2026-08-28,A Texas Chicken Chain Is Eyeing Its California Debut in Sacramento and Placer Counties,,https://whatnow.com/sacramento/restaurants/a-texas-chicken-chain-is-eyeing-its-california-debut-in-sacramento-and-placer-counties/,2026-08-29
2026-08-28,Cafe to Bring Life Back to Palisades Storefront,"4885 MacArthur Blvd NW, Washington, DC 20007",https://whatnow.com/washington-dc/restaurants/cafe-to-bring-life-back-to-palisades-storefront/,2026-08-29
2026-08-28,Pressed Café Expanding to Boston's Fenway Neighborhood,"126 Brookline Ave, Boston, MA 02215",https://whatnow.com/boston/restaurants/pressed-cafe-expanding-to-bostons-fenway-neighborhood/,2026-08-29
2026-08-28,Chef Étienne Nadeau Opening New Restaurant In Québec | What Now Montreal,"11 Boulevard René-Lévesque O, Québec, QC G1R 2V5, Canada",https://whatnow.com/montreal/restaurants/chef-etienne-nadeau-opening-new-restaurant-in-quebec/,2026-08-29
2026-08-28,Nauti Turtle Sports Bar & Grill Prepares to Open in Key Colony Beach,"400 Sadowski Causeway, Key Colony Beach, FL 33051",https://whatnow.com/miami/restaurants/nauti-turtle-sports-bar-grill-prepares-to-open-in-key-colony-beach/,2026-08-29
2026-08-28,New Tulum Grill Concept with Mexican Flavors Planned for Boca Raton,"1580 NW 2nd Ave, Boca Raton, FL 33432",https://whatnow.com/miami/restaurants/new-tulum-grill-concept-with-mexican-flavors-planned-for-boca-raton/,2026-08-29
2026-08-28,The Same Mind Behind Legend Has It Is Eyeing a Second Spot,"1800 3rd St, Sacramento, CA 95811, USA",https://whatnow.com/sacramento/restaurants/the-same-mind-behind-legend-has-it-is-eyeing-a-second-spot/,2026-08-29
2026-08-28,"Tori Japan Plans Four New Greater Boston Locations, From Boston University to Taunton",,https://whatnow.com/boston/restaurants/tori-japan-plans-four-new-greater-boston-locations-from-boston-university-to-taunton/,2026-08-29
2026-08-28,The Bungalow Revives Plans for San Diego Location,,https://whatnow.com/san-diego/restaurants/the-bungalow-revives-plans-for-san-diego-location/,2026-08-29
2026-08-28,embe Cafe Coming to South Beach,"1600 Alton Rd, Miami Beach, FL 33139",https://whatnow.com/miami/restaurants/embe-cafe-coming-to-south-beach/,2026-08-29
2026-08-28,Blue Corn Cafe & Bakery Plans Orange County Expansion,,https://whatnow.com/orange-county/restaurants/blue-corn-cafe-bakery-plans-orange-county-expansion/,2026-08-29
2026-08-28,Tejer To Open At Hotel De Anza In San Jose,"233 W Santa Clara St, San Jose, CA 95113",https://whatnow.com/san-francisco/restaurants/tejer-to-open-at-hotel-de-anza-in-san-jose/,2026-08-29
2026-08-28,Hedley Club To Reopen At Hotel De Anza In San Jose,"233 W Santa Clara St, San Jose, CA 95113",https://whatnow.com/san-francisco/restaurants/hedley-club-to-reopen-at-hotel-de-anza-in-san-jose/,2026-08-29
2026-08-28,Que Onda Tacos Preparing Flagship Location in Montford Area,"1515 Mockingbird Ln, Charlotte, NC 28209",https://whatnow.com/charlotte/restaurants/que-onda-tacos-preparing-flagship-location-in-montford-area/,2026-08-29
2026-08-28,Pure Green To Open First Bay Area Location In Fremont,"37140 Fremont Blvd, Fremont, CA 94536",https://whatnow.com/san-francisco/restaurants/pure-green-to-open-first-bay-area-location-in-fremont/,2026-08-29
2026-08-28,A Southern Fine Dining Gem Inside The Jay Hotel Is Closing Next Month,"433 Clay St, San Francisco, CA 94111, United States",https://whatnow.com/san-francisco/restaurants/a-southern-fine-dining-gem-inside-the-jay-hotel-is-closing-next-month/,2026-08-29
2026-08-28,La Tia y El Paisano Plans Opening in Bradenton,"5803 15th St E, Bradenton, FL 34203",https://whatnow.com/tampa/restaurants/la-tia-y-el-paisano-plans-opening-in-bradenton/,2026-08-29
2026-08-28,Taco Street Expanding With New Seattle Location,"5602 1st Ave S, Seattle, WA 98108",https://whatnow.com/seattle/restaurants/taco-street-expanding-with-new-seattle-location/,2026-08-29
2026-08-28,4 New York Restaurants Closed Their Doors Permanently in August 2026,,https://whatnow.com/new-york/restaurants/4-new-york-restaurants-closed-their-doors-permanently-in-august-2026/,2026-08-29
2026-08-28,Little Rosa’s Pizza Joining Hickory Flat Marketplace | What Now Atlanta,"6375 Hickory Flat Hwy, Canton, GA 30115",https://whatnow.com/atlanta/restaurants/little-rosas-pizza-joining-hickory-flat-marketplace/,2026-08-29
2026-08-28,"After 30 Years, a Taylor Community Diner Is Closing Its Doors","8787 Telegraph Rd, Taylor, MI 48180",https://whatnow.com/detroit/restaurants/after-30-years-a-taylor-community-diner-is-closing-its-doors/,2026-08-29
2026-08-28,Suki Desu Expanding With Hell’s Kitchen Location,"709 9th Ave., New York, NY 10019",https://whatnow.com/new-york/restaurants/suki-desu-expanding-with-hells-kitchen-location/,2026-08-29
2026-08-28,Army Ant’s Cheeseburgers Planning Old-School Burger Joint in Avondale,,https://whatnow.com/phoenix/restaurants/army-ants-cheeseburgers-planning-old-school-burger-joint-in-avondale/,2026-08-29
2026-08-28,Crumbl Cookies Planning First St. Johns County Store,"305 State Rte 312, St. Augustine, FL 32086",https://whatnow.com/jacksonville/restaurants/crumbl-cookies-planning-first-st-johns-county-store/,2026-08-29
2026-08-28,Einstein Bros Bagels to Open a Spot in San Jacinto Marketplace,"6609 Garth Rd, Baytown, TX 77521",https://whatnow.com/houston/restaurants/einstein-bros-bagels-to-open-a-spot-in-san-jacinto-marketplace/,2026-08-29
2026-08-28,Dalmoros Fresh Italian Bringing Fresh Pasta to Jacksonville’s Five Points,"1018 Park St, Jacksonville, FL 32204",https://whatnow.com/jacksonville/restaurants/dalmoros-fresh-italian-bringing-fresh-pasta-to-jacksonvilles-five-points/,2026-08-29
2026-08-28,Damaskino Mediterranean Grill Expanding With Second Jacksonville Location,"3825 Baymeadows Rd, Jacksonville, FL 32217",https://whatnow.com/jacksonville/restaurants/damaskino-mediterranean-grill-expanding-with-second-jacksonville-location/,2026-08-29
2026-08-28,Bahama Buck's to Open First Anna Location,"1004 W Rosamond Pkwy, Anna, TX 75409, USA",https://whatnow.com/dallas/restaurants/bahama-bucks-to-open-first-anna-location/,2026-08-29
2026-08-28,Habit Burger & Grill Planning New Fort Lauderdale Restaurant,"6500 NW 12th Ave, Fort Lauderdale, FL 33309",https://whatnow.com/miami/restaurants/habit-burger-grill-planning-new-fort-lauderdale-restaurant/,2026-08-29
2026-08-28,Honeycomb to Open Second North Shore Location in Marblehead,"259 Washington St, Marblehead, MA 01945",https://whatnow.com/boston/restaurants/honeycomb-to-open-second-north-shore-location-in-marblehead/,2026-08-29
2026-08-28,8D Rodeo Bar & Thrill Bringing Unique Entertainment and Dining Experience to Wolfchase Galleria,"2760 N Germantown Pkwy, Memphis, TN 38133",https://whatnow.com/memphis/restaurants/8d-rodeo-bar-thrill-bringing-unique-entertainment-and-dining-experience-to-wolfchase-galleria/,2026-08-29
2026-08-28,Whataburger Eyes New Gatesville Location,"2733 TX-36 BUS, Gatesville, TX 76528, USA",https://whatnow.com/austin/restaurants/whataburger-eyes-new-gatesville-location/,2026-08-29
2026-08-28,Cafe Zupas Preps a Fourth Central Ohio Restaurant in Polaris,"1161 Polaris Pkwy, Columbus, OH 43240, USA",https://whatnow.com/columbus/restaurants/cafe-zupas-preps-a-fourth-central-ohio-restaurant-in-polaris/,2026-08-29
2026-08-28,Cuban Cafe Coming to Base of Apartment Building in Pompano Beach,"1621 S Dixie Hwy Unit 117, Pompano Beach, FL 33060",https://whatnow.com/miami/restaurants/cuban-cafe-coming-to-base-of-apartment-building-in-pompano-beach/,2026-08-29
2026-08-28,Tamra & Co. Bringing Saudi Hospitality to Pike Place Market,,https://whatnow.com/seattle/restaurants/tamra-co-bringing-saudi-hospitality-to-pike-place-market/,2026-08-29
2026-08-28,Casa Mia To Open In San Carlos,"677 Laurel St, San Carlos, CA 94070",https://whatnow.com/san-francisco/restaurants/casa-mia-to-open-in-san-carlos/,2026-08-29
2026-08-28,Fat Rabbit Owner Planning New Restaurant In St. Catharines | What Now Toronto,"180 St Paul St, St. Catharines, ON L2R 3M2, Canada",https://whatnow.com/toronto/restaurants/fat-rabbit-owner-planning-new-restaurant-in-st-catharines/,2026-08-29
2026-08-27,Retro Alley Arcade to Open in Snoqualmie,"8036 Falls Ave SE, Snoqualmie, WA 98065",https://whatnow.com/seattle/restaurants/retro-alley-arcade-to-open-in-snoqualmie/,2026-08-29
2026-08-27,Mountain Song Plans to Reopen in Marblemount,"60147 State Rte 20, Marblemount, WA 98267",https://whatnow.com/seattle/restaurants/mountain-song-plans-to-reopen-in-marblemount/,2026-08-29
2026-08-27,Beef Box German Shawarma Coming to North Hollywood,"4929 Lankershim Blvd, North Hollywood, CA 91601",https://whatnow.com/los-angeles/restaurants/beef-box-german-shawarma-coming-to-north-hollywood/,2026-08-29
2026-08-27,Beloved DMV Chain to Replace The Woodmont Grill,"7715 Woodmont Ave, Bethesda, MD 20814",https://whatnow.com/washington-dc/restaurants/beloved-dmv-chain-to-replace-the-woodmont-grill/,2026-08-29
2026-08-27,BurgerFi Coming to Fountain Square Shopping Center in Ypsilanti,"2997 Washtenaw Ave, Ypsilanti, MI 48197",https://whatnow.com/detroit/restaurants/burgerfi-coming-to-fountain-square-shopping-center-in-ypsilanti/,2026-08-29
2026-08-27,Char BBQ Preparing to Open in Creekside Plaza,"13513 Poway Rd, Poway, CA 92064",https://whatnow.com/san-diego/restaurants/char-bbq-preparing-to-open-in-creekside-plaza/,2026-08-29
2026-08-27,Pura Vida Miami Coming to Century City,"10250 Santa Monica Blvd, Los Angeles, CA 90067",https://whatnow.com/los-angeles/restaurants/pura-vida-miami-coming-to-century-city/,2026-08-29
2026-08-27,"Bossa Brings Brazilian Coffee, Cocktails and Community to NW 21st Avenue","305 NW 21st Ave, Portland, OR 97209, USA",https://whatnow.com/portland/restaurants/bossa-brings-brazilian-coffee-cocktails-and-community-to-nw-21st-avenue/,2026-08-29
2026-08-27,The Blue Corn Cafe & Bakery Plans Fourth Location in Avondale,,https://whatnow.com/phoenix/restaurants/the-blue-corn-cafe-bakery-plans-fourth-location-in-avondale/,2026-08-29
